[{"inputs":[{"internalType":"address","name":"_verificationAuthority","type":"address"},{"internalType":"address","name":"vaultAddress","type":"address"},{"internalType":"uint256","name":"maxAmount","type":"uint256"}],"stateMutability":"nonpayable","type":"constructor"},{"anonymous":false,"inputs":[{"indexed":false,"internalType":"uint256","name":"amountIn","type":"uint256"},{"indexed":false,"internalType":"uint256","name":"totalUsers","type":"uint256"}],"name":"BatchDepositSuccessful","type":"event"},{"anonymous":false,"inputs":[{"indexed":false,"internalType":"uint256","name":"amountOut","type":"uint256"},{"indexed":false,"internalType":"uint256","name":"totalUsers","type":"uint256"}],"name":"BatchWithdrawSuccessful","type":"event"},{"anonymous":false,"inputs":[{"indexed":true,"internalType":"address","name":"sender","type":"address"},{"indexed":true,"internalType":"address","name":"vault","type":"address"},{"indexed":false,"internalType":"uint256","name":"amountIn","type":"uint256"}],"name":"DepositRequest","type":"event"},{"anonymous":false,"inputs":[{"indexed":true,"internalType":"address","name":"vaultAddress","type":"address"},{"indexed":false,"internalType":"uint256","name":"oldMaxAmount","type":"uint256"},{"indexed":false,"internalType":"uint256","name":"newMaxAmount","type":"uint256"}],"name":"VaultLimitUpdated","type":"event"},{"anonymous":false,"inputs":[{"indexed":true,"internalType":"address","name":"oldVerificationAuthority","type":"address"},{"indexed":true,"internalType":"address","name":"newVerificationAuthority","type":"address"}],"name":"VerificationAuthorityUpdated","type":"event"},{"anonymous":false,"inputs":[{"indexed":true,"internalType":"address","name":"sender","type":"address"},{"indexed":true,"internalType":"address","name":"vault","type":"address"},{"indexed":false,"internalType":"uint256","name":"amountOut","type":"uint256"}],"name":"WithdrawComplete","type":"event"},{"anonymous":false,"inputs":[{"indexed":true,"internalType":"address","name":"sender","type":"address"},{"indexed":true,"internalType":"address","name":"vault","type":"address"},{"indexed":false,"internalType":"uint256","name":"amountOut","type":"uint256"}],"name":"WithdrawRequest","type":"event"},{"anonymous":false,"inputs":[{"indexed":true,"internalType":"address","name":"sender","type":"address"},{"indexed":true,"internalType":"address","name":"vault","type":"address"},{"indexed":false,"internalType":"uint256","name":"amountCancelled","type":"uint256"}],"name":"WithdrawRescinded","type":"event"},{"inputs":[{"internalType":"address[]","name":"users","type":"address[]"}],"name":"batchDeposit","outputs":[],"stateMutability":"nonpayable","type":"function"},{"inputs":[{"internalType":"address[]","name":"users","type":"address[]"}],"name":"batchWithdraw","outputs":[],"stateMutability":"nonpayable","type":"function"},{"inputs":[{"internalType":"uint256","name":"cancellationAmount","type":"uint256"}],"name":"cancelWithdrawal","outputs":[],"stateMutability":"nonpayable","type":"function"},{"inputs":[],"name":"checkValidDepositSignature","outputs":[{"internalType":"bool","name":"","type":"bool"}],"stateMutability":"view","type":"function"},{"inputs":[{"internalType":"uint256","name":"amount","type":"uint256"},{"internalType":"address","name":"recipient","type":"address"}],"name":"claimTokens","outputs":[],"stateMutability":"nonpayable","type":"function"},{"inputs":[{"internalType":"uint256","name":"amountOut","type":"uint256"},{"internalType":"address","name":"recipient","type":"address"}],"name":"completeWithdrawal","outputs":[],"stateMutability":"nonpayable","type":"function"},{"inputs":[{"internalType":"uint256","name":"amountIn","type":"uint256"},{"internalType":"bytes","name":"signature","type":"bytes"},{"internalType":"address","name":"recipient","type":"address"},{"components":[{"internalType":"uint256","name":"value","type":"uint256"},{"internalType":"uint256","name":"deadline","type":"uint256"},{"internalType":"uint8","name":"v","type":"uint8"},{"internalType":"bytes32","name":"r","type":"bytes32"},{"internalType":"bytes32","name":"s","type":"bytes32"}],"internalType":"struct IBatcher.PermitParams","name":"permit","type":"tuple"}],"name":"depositFunds","outputs":[],"stateMutability":"nonpayable","type":"function"},{"inputs":[{"internalType":"address","name":"","type":"address"}],"name":"depositLedger","outputs":[{"internalType":"uint256","name":"","type":"uint256"}],"stateMutability":"view","type":"function"},{"inputs":[],"name":"governance","outputs":[{"internalType":"address","name":"","type":"address"}],"stateMutability":"view","type":"function"},{"inputs":[{"internalType":"uint256","name":"amountIn","type":"uint256"}],"name":"initiateWithdrawal","outputs":[],"stateMutability":"nonpayable","type":"function"},{"inputs":[],"name":"keeper","outputs":[{"internalType":"address","name":"","type":"address"}],"stateMutability":"view","type":"function"},{"inputs":[],"name":"pendingDeposit","outputs":[{"internalType":"uint256","name":"","type":"uint256"}],"stateMutability":"view","type":"function"},{"inputs":[],"name":"pendingWithdrawal","outputs":[{"internalType":"uint256","name":"","type":"uint256"}],"stateMutability":"view","type":"function"},{"inputs":[{"internalType":"address","name":"authority","type":"address"}],"name":"setAuthority","outputs":[],"stateMutability":"nonpayable","type":"function"},{"inputs":[{"internalType":"bool","name":"enabled","type":"bool"}],"name":"setDepositSignatureCheck","outputs":[],"stateMutability":"nonpayable","type":"function"},{"inputs":[{"internalType":"uint256","name":"maxAmount","type":"uint256"}],"name":"setVaultLimit","outputs":[],"stateMutability":"nonpayable","type":"function"},{"inputs":[{"internalType":"address","name":"_token","type":"address"}],"name":"sweep","outputs":[],"stateMutability":"nonpayable","type":"function"},{"inputs":[{"internalType":"address","name":"","type":"address"}],"name":"userLPTokens","outputs":[{"internalType":"uint256","name":"","type":"uint256"}],"stateMutability":"view","type":"function"},{"inputs":[{"internalType":"address","name":"","type":"address"}],"name":"userWantTokens","outputs":[{"internalType":"uint256","name":"","type":"uint256"}],"stateMutability":"view","type":"function"},{"inputs":[],"name":"vaultInfo","outputs":[{"internalType":"address","name":"vaultAddress","type":"address"},{"internalType":"address","name":"tokenAddress","type":"address"},{"internalType":"uint256","name":"maxAmount","type":"uint256"}],"stateMutability":"view","type":"function"},{"inputs":[],"name":"verificationAuthority","outputs":[{"internalType":"address","name":"","type":"address"}],"stateMutability":"view","type":"function"},{"inputs":[{"internalType":"address","name":"","type":"address"}],"name":"withdrawLedger","outputs":[{"internalType":"uint256","name":"","type":"uint256"}],"stateMutability":"view","type":"function"}]