[{"anonymous":false,"inputs":[{"indexed":true,"internalType":"address","name":"previousOwner","type":"address"},{"indexed":true,"internalType":"address","name":"newOwner","type":"address"}],"name":"OwnershipTransferred","type":"event"},{"anonymous":false,"inputs":[{"indexed":true,"internalType":"uint64","name":"originAndNonce","type":"uint64"},{"indexed":true,"internalType":"address","name":"token","type":"address"},{"indexed":true,"internalType":"address","name":"recipient","type":"address"},{"indexed":false,"internalType":"address","name":"liquidityProvider","type":"address"},{"indexed":false,"internalType":"uint256","name":"amount","type":"uint256"}],"name":"Receive","type":"event"},{"anonymous":false,"inputs":[{"indexed":true,"internalType":"address","name":"token","type":"address"},{"indexed":true,"internalType":"address","name":"from","type":"address"},{"indexed":true,"internalType":"uint32","name":"toDomain","type":"uint32"},{"indexed":false,"internalType":"bytes32","name":"toId","type":"bytes32"},{"indexed":false,"internalType":"uint256","name":"amount","type":"uint256"},{"indexed":false,"internalType":"bool","name":"fastLiquidityEnabled","type":"bool"}],"name":"Send","type":"event"},{"inputs":[],"name":"DUST_AMOUNT","outputs":[{"internalType":"uint256","name":"","type":"uint256"}],"stateMutability":"view","type":"function"},{"inputs":[],"name":"VERSION","outputs":[{"internalType":"uint8","name":"","type":"uint8"}],"stateMutability":"view","type":"function"},{"inputs":[{"internalType":"uint32","name":"_domain","type":"uint32"},{"internalType":"bytes32","name":"_id","type":"bytes32"},{"internalType":"address","name":"_custom","type":"address"}],"name":"enrollCustom","outputs":[],"stateMutability":"nonpayable","type":"function"},{"inputs":[{"internalType":"uint32","name":"_domain","type":"uint32"},{"internalType":"bytes32","name":"_router","type":"bytes32"}],"name":"enrollRemoteRouter","outputs":[],"stateMutability":"nonpayable","type":"function"},{"inputs":[{"internalType":"uint32","name":"_origin","type":"uint32"},{"internalType":"uint32","name":"_nonce","type":"uint32"},{"internalType":"bytes32","name":"_sender","type":"bytes32"},{"internalType":"bytes","name":"_message","type":"bytes"}],"name":"handle","outputs":[],"stateMutability":"nonpayable","type":"function"},{"inputs":[{"internalType":"address","name":"_tokenRegistry","type":"address"},{"internalType":"address","name":"_xAppConnectionManager","type":"address"}],"name":"initialize","outputs":[],"stateMutability":"nonpayable","type":"function"},{"inputs":[{"internalType":"bytes32","name":"","type":"bytes32"}],"name":"liquidityProvider","outputs":[{"internalType":"address","name":"","type":"address"}],"stateMutability":"view","type":"function"},{"inputs":[{"internalType":"address","name":"_oldRepr","type":"address"}],"name":"migrate","outputs":[],"stateMutability":"nonpayable","type":"function"},{"inputs":[],"name":"owner","outputs":[{"internalType":"address","name":"","type":"address"}],"stateMutability":"view","type":"function"},{"inputs":[{"internalType":"uint32","name":"","type":"uint32"}],"name":"remotes","outputs":[{"internalType":"bytes32","name":"","type":"bytes32"}],"stateMutability":"view","type":"function"},{"inputs":[],"name":"renounceOwnership","outputs":[],"stateMutability":"nonpayable","type":"function"},{"inputs":[{"internalType":"address","name":"_token","type":"address"},{"internalType":"uint256","name":"_amount","type":"uint256"},{"internalType":"uint32","name":"_destination","type":"uint32"},{"internalType":"bytes32","name":"_recipient","type":"bytes32"},{"internalType":"bool","name":"","type":"bool"}],"name":"send","outputs":[],"stateMutability":"nonpayable","type":"function"},{"inputs":[{"internalType":"address","name":"_xAppConnectionManager","type":"address"}],"name":"setXAppConnectionManager","outputs":[],"stateMutability":"nonpayable","type":"function"},{"inputs":[],"name":"tokenRegistry","outputs":[{"internalType":"contract ITokenRegistry","name":"","type":"address"}],"stateMutability":"view","type":"function"},{"inputs":[{"internalType":"address","name":"newOwner","type":"address"}],"name":"transferOwnership","outputs":[],"stateMutability":"nonpayable","type":"function"},{"inputs":[],"name":"xAppConnectionManager","outputs":[{"internalType":"contract XAppConnectionManager","name":"","type":"address"}],"stateMutability":"view","type":"function"},{"stateMutability":"payable","type":"receive"}]