[{"inputs":[{"internalType":"string","name":"_name","type":"string"},{"internalType":"uint256","name":"_expiresAt","type":"uint256"}],"name":"getImage","outputs":[{"internalType":"string","name":"","type":"string"}],"stateMutability":"view","type":"function"},{"inputs":[{"internalType":"string","name":"_name","type":"string"},{"internalType":"uint256","name":"_expiresAt","type":"uint256"}],"name":"getMetadata","outputs":[{"internalType":"string","name":"","type":"string"}],"stateMutability":"view","type":"function"},{"inputs":[{"internalType":"bytes4","name":"interfaceId","type":"bytes4"}],"name":"supportsInterface","outputs":[{"internalType":"bool","name":"","type":"bool"}],"stateMutability":"pure","type":"function"}]