{
  "language": "Solidity",
  "sources": {
    "contracts/WRLD_Name_Service_Metadata.sol": {
      "content": "// SPDX-License-Identifier: MIT\npragma solidity ^0.8.4;\n\nimport \"@openzeppelin/contracts/utils/Strings.sol\";\nimport { Base64 } from \"base64-sol/base64.sol\";\nimport \"./IWRLD_Name_Service_Metadata.sol\";\nimport \"./StringUtils.sol\";\n\ncontract WRLD_Name_Service_Metadata is IWRLD_Name_Service_Metadata {\n    using StringUtils for *;\n    uint constant SECONDS_PER_DAY = 24 * 60 * 60;\n    int constant OFFSET19700101 = 2440588;\n\n    function _daysToDate(uint _days) internal pure returns (uint year, uint month, uint day) {\n        int __days = int(_days);\n\n        int L = __days + 68569 + OFFSET19700101;\n        int N = 4 * L / 146097;\n        L = L - (146097 * N + 3) / 4;\n        int _year = 4000 * (L + 1) / 1461001;\n        L = L - 1461 * _year / 4 + 31;\n        int _month = 80 * L / 2447;\n        int _day = L - 2447 * _month / 80;\n        L = _month / 11;\n        _month = _month + 2 - 12 * L;\n        _year = 100 * (N - 49) + _year + L;\n\n        year = uint(_year);\n        month = uint(_month);\n        day = uint(_day);\n    }\n\n    function timestampToDate(uint timestamp) internal pure returns (string memory) {\n        (uint year, uint month, uint day ) = _daysToDate(timestamp / SECONDS_PER_DAY);\n        return string(abi.encodePacked(Strings.toString(year), \"-\" ,Strings.toString(month), \"-\", Strings.toString(day)));\n    }\n\n    function getName(string calldata _name) internal pure returns (string memory) {\n        if (bytes(_name).length > 15) {\n            return string(abi.encodePacked(string(_name[0:7]), \"...\", string(_name[bytes(_name).length-5:])));\n        }\n        return _name;\n    }\n\n    function getMetadata(string calldata _name, uint256 _expiresAt) public view override returns (string memory) {\n        string memory image = getImage(_name, _expiresAt);\n\n        string memory json = Base64.encode(\n            bytes(\n                string(\n                abi.encodePacked(\n                '{\"name\":\"',\n                _name,\n                '\",\"image\":\"',\n                image,\n                '\",\"attributes\":[{\"display_type\":\"date\",\"trait_type\":\"expiresAt\",\"value\":\"',\n                Strings.toString(_expiresAt),\n                '\"},{\"trait_type\":\"length\",\"value\":\"',\n                Strings.toString(_name.strlen()),\n                '\"},{\"trait_type\":\"unicode\",\"value\":\"',\n                _name.strlen() == bytes(_name).length?'no':'yes',\n                '\"}]}'\n                ))));\n        return string(abi.encodePacked(\"data:application/json;base64,\", json));\n    }\n\n\n    function getImage (string calldata _name, uint256 _expiresAt) public view override returns (string memory) {\n        string memory backgroundColor = \"url(#paint0_linear_17_3)\";\n        string memory textColor = \"#FFFFFF\";\n        string memory borderColor = \"class='gyellow'\";\n        if (_name.strlen() == bytes(_name).length) {\n            backgroundColor = \"url(#paint0_linear_17_2)\";\n            borderColor = \"\";\n\n        }\n        if (block.timestamp > _expiresAt) {\n            textColor = \"#FF0000\";\n        } else if (block.timestamp > _expiresAt - 2592000) {\n            textColor = \"#FF9933\";\n        }\n        return string(abi.encodePacked(\n            \"<svg width='1500' height='1500' viewBox='0 0 1500 1500' fill='none' xmlns='http://www.w3.org/2000/svg' xmlns:xlink='http://www.w3.org/1999/xlink'><g clip-path='url(#clip0_17_2)'><rect id='rectBg' width='1500' height='1500' fill='\",\n            backgroundColor,\n            \"'/><g opacity='0.6'><use xlink:href='#gframe' class='use-gframe' /><use xlink:href='#gframe' class='use-gframe' style='opacity:0.9;transform:scale(1.5,1.5);' /><use xlink:href='#gframe' class='use-gframe' style='opacity:0.8;transform:scale(2,2);' /><use xlink:href='#gframe' class='use-gframe' style='opacity:0.7;transform:scale(2.5,2.5);' /><use xlink:href='#gframe' class='use-gframe' style='opacity:0.6;transform:scale(3,3);' /><use xlink:href='#gframe' class='use-gframe' style='opacity:0.5;transform:scale(3.5,3.5);' /><use xlink:href='#gframe' class='use-gframe' style='opacity:0.4;transform:scale(4,4);' /><use xlink:href='#gframe' class='use-gframe' style='opacity:0.3;transform:scale(4.5,4.5);' /><use xlink:href='#gframe' class='use-gframe' style='opacity:0.2;transform:scale(5,5);' /><use xlink:href='#gframe' class='use-gframe' style='opacity:0.1;transform:scale(5.5,5.5);' /><use xlink:href='#gframe' class='use-gframe' style='opacity:0.1;transform:scale(6,6);' /><use xlink:href='#gframe' class='use-gframe' style='opacity:0.1;transform:scale(6.5,6.5);' /><use xlink:href='#gframe' class='use-gframe' style='opacity:0.1;transform:scale(7,7);' /></g><text id='domainTextWrap1' transform='translate(200 1066)' fill='white' xml:space='preserve' style='white-space: pre;text-shadow: 1px 2px 12px rgba(0,0,0,0.3);' font-family='Maison Neue' font-size='140' font-weight='bold' letter-spacing='0em'><tspan id='domainText1' x='0' y='118.92' >\",\n            getName(_name),\n            \"</tspan></text><text id='domainTextWrap2' transform='translate(200 866)' fill='white' xml:space='preserve' style='white-space: pre;' font-family='Maison Neue' font-size='140' font-weight='bold' letter-spacing='0em'><tspan id='domainText2' x='0' y='138.92' ></tspan></text><text id='textColor' transform='translate(900 1100)' fill='\",\n            textColor,\n            \"' xml:space='preserve' style='white-space: pre;text-shadow: 1px 2px 12px rgba(0,0,0,0.3);' font-family='Maison Neue' font-size='90' font-weight='bold' letter-spacing='0em'><tspan id = 'timeText' x='0' y='300'>\",\n            timestampToDate(_expiresAt),\n            \"</tspan></text><g filter='url(#filter0_dddddd_17_2)'><path d='M880.84 338.641C880.774 338.603 880.702 338.578 880.628 338.566L751.425 288.325C750.946 288.111 750.428 288 749.904 288C749.444 288.01 748.993 288.121 748.582 288.325L619.267 338.641C618.882 338.709 618.524 338.882 618.232 339.141L617.857 339.391C617.617 339.656 617.422 339.96 617.284 340.291V340.403C617.189 340.515 617.12 340.648 617.084 340.79C617.029 340.921 617 341.061 617 341.203C617 341.344 617.029 341.485 617.084 341.615V383.647C617.071 384.248 617.275 384.834 617.658 385.297L619.092 386.384L748.582 436.75C749.003 436.916 749.451 437.001 749.904 437C750.421 436.998 750.934 436.914 751.425 436.75L881.002 386.384C881.579 386.169 882.082 385.792 882.449 385.297C882.743 384.797 882.898 384.227 882.898 383.647V341.615C882.965 341.475 883 341.321 883 341.165C883 341.009 882.965 340.856 882.898 340.715C882.897 340.654 882.882 340.594 882.854 340.54C882.826 340.485 882.785 340.439 882.735 340.403V340.291C882.588 339.965 882.395 339.662 882.162 339.391L881.862 339.141C881.556 338.911 881.209 338.741 880.84 338.641V338.641ZM866.585 342.977V343.402L750.278 388.633L631.414 343.402V342.977L694.232 319.112L750.278 297.796L761.776 302.244L768.012 304.681L775.108 307.442L866.585 342.977Z' fill='white'/></g></g><defs><g id='gframe' style='mix-blend-mode:overlay' opacity='0.9' \",\n            borderColor,\n            \"><path class='gpath' d='M1012.88 314.84C1012.75 314.761 1012.61 314.71 1012.45 314.69L752.954 213.97C751.991 213.54 750.948 213.319 749.894 213.32C748.973 213.339 748.068 213.561 747.244 213.97L487.514 314.84C486.741 314.973 486.02 315.32 485.434 315.84L484.684 316.34C484.193 316.869 483.804 317.482 483.534 318.15V318.37C483.341 318.597 483.201 318.863 483.124 319.15C483.015 319.412 482.959 319.692 482.959 319.975C482.959 320.259 483.015 320.539 483.124 320.8V405.06C483.098 406.268 483.51 407.443 484.284 408.37L487.164 410.55L747.244 511.55C748.088 511.881 748.987 512.051 749.894 512.05C750.934 512.05 751.967 511.881 752.954 511.55L1013.21 410.55C1014.37 410.119 1015.38 409.362 1016.11 408.37C1016.7 407.368 1017.02 406.224 1017.01 405.06V320.8C1017.15 320.521 1017.23 320.213 1017.23 319.9C1017.23 319.588 1017.15 319.28 1017.01 319C1017.01 318.878 1016.98 318.757 1016.93 318.648C1016.87 318.538 1016.79 318.443 1016.69 318.37V318.15C1016.4 317.497 1016.01 316.887 1015.54 316.34L1014.93 315.84C1014.32 315.379 1013.62 315.04 1012.88 314.84'  stroke-width='6' stroke-miterlimit='6'/></g><filter id='filter0_dddddd_17_2' x='525' y='288' width='450' height='341' filterUnits='userSpaceOnUse' color-interpolation-filters='sRGB'><feFlood flood-opacity='0' result='BackgroundImageFix'/><feColorMatrix in='SourceAlpha' type='matrix' values='0 0 0 0 0 0 0 0 0 0 0 0 0 0 0 0 0 0 127 0' result='hardAlpha'/><feOffset dy='2.76726'/><feGaussianBlur stdDeviation='1.27294'/><feColorMatrix type='matrix' values='0 0 0 0 0 0 0 0 0 0 0 0 0 0 0 0 0 0 0.030926 0'/><feBlend mode='normal' in2='BackgroundImageFix' result='effect1_dropShadow_17_2'/><feColorMatrix in='SourceAlpha' type='matrix' values='0 0 0 0 0 0 0 0 0 0 0 0 0 0 0 0 0 0 127 0' result='hardAlpha'/><feOffset dy='6.6501'/><feGaussianBlur stdDeviation='3.05905'/><feColorMatrix type='matrix' values='0 0 0 0 0 0 0 0 0 0 0 0 0 0 0 0 0 0 0.0444282 0'/><feBlend mode='normal' in2='effect1_dropShadow_17_2' result='effect2_dropShadow_17_2'/><feColorMatrix in='SourceAlpha' type='matrix' values='0 0 0 0 0 0 0 0 0 0 0 0 0 0 0 0 0 0 127 0' result='hardAlpha'/><feOffset dy='12.5216'/><feGaussianBlur stdDeviation='5.75991'/><feColorMatrix type='matrix' values='0 0 0 0 0 0 0 0 0 0 0 0 0 0 0 0 0 0 0.055 0'/><feBlend mode='normal' in2='effect2_dropShadow_17_2' result='effect3_dropShadow_17_2'/><feColorMatrix in='SourceAlpha' type='matrix' values='0 0 0 0 0 0 0 0 0 0 0 0 0 0 0 0 0 0 127 0' result='hardAlpha'/><feOffset dy='22.3363'/><feGaussianBlur stdDeviation='10.2747'/><feColorMatrix type='matrix' values='0 0 0 0 0 0 0 0 0 0 0 0 0 0 0 0 0 0 0.0655718 0'/><feBlend mode='normal' in2='effect3_dropShadow_17_2' result='effect4_dropShadow_17_2'/><feColorMatrix in='SourceAlpha' type='matrix' values='0 0 0 0 0 0 0 0 0 0 0 0 0 0 0 0 0 0 127 0' result='hardAlpha'/><feOffset dy='41.7776'/><feGaussianBlur stdDeviation='19.2177'/><feColorMatrix type='matrix' values='0 0 0 0 0 0 0 0 0 0 0 0 0 0 0 0 0 0 0.079074 0'/><feBlend mode='normal' in2='effect4_dropShadow_17_2' result='effect5_dropShadow_17_2'/><feColorMatrix in='SourceAlpha' type='matrix' values='0 0 0 0 0 0 0 0 0 0 0 0 0 0 0 0 0 0 127 0' result='hardAlpha'/><feOffset dy='100'/><feGaussianBlur stdDeviation='46'/><feColorMatrix type='matrix' values='0 0 0 0 0 0 0 0 0 0 0 0 0 0 0 0 0 0 0.11 0'/><feBlend mode='normal' in2='effect5_dropShadow_17_2' result='effect6_dropShadow_17_2'/><feBlend mode='normal' in='SourceGraphic' in2='effect6_dropShadow_17_2' result='shape'/></filter><linearGradient id='paint0_linear_17_2' x1='1239' y1='-26.0002' x2='1633.1' y2='1187.11' gradientUnits='userSpaceOnUse'><stop stop-color='#01E7CB'/><stop offset='1' stop-color='#61E66E'/></linearGradient><linearGradient id='paint0_linear_17_3' x1='1239' y1='-26.0002' x2='1633.1' y2='1187.11' gradientUnits='userSpaceOnUse'><stop stop-color='#ffff00'/><stop offset='1' stop-color='#ffcc00'/></linearGradient><clipPath id='clip0_17_2'><rect width='1500' height='1500' fill='white'/></clipPath></defs><style><![CDATA[ .use-gframe { transform-origin:50% 24% } .gpath { stroke: #02FFE1 } .gyellow .gpath { stroke: #ffaa00 } ]]></style></svg>\"\n        ));\n    }\n\n    function supportsInterface(bytes4 interfaceId) external pure override returns (bool) {\n        return interfaceId == type(IWRLD_Name_Service_Metadata).interfaceId;\n    }\n}\n"
    },
    "@openzeppelin/contracts/utils/Strings.sol": {
      "content": "// SPDX-License-Identifier: MIT\n// OpenZeppelin Contracts v4.4.1 (utils/Strings.sol)\n\npragma solidity ^0.8.0;\n\n/**\n * @dev String operations.\n */\nlibrary Strings {\n    bytes16 private constant _HEX_SYMBOLS = \"0123456789abcdef\";\n\n    /**\n     * @dev Converts a `uint256` to its ASCII `string` decimal representation.\n     */\n    function toString(uint256 value) internal pure returns (string memory) {\n        // Inspired by OraclizeAPI's implementation - MIT licence\n        // https://github.com/oraclize/ethereum-api/blob/b42146b063c7d6ee1358846c198246239e9360e8/oraclizeAPI_0.4.25.sol\n\n        if (value == 0) {\n            return \"0\";\n        }\n        uint256 temp = value;\n        uint256 digits;\n        while (temp != 0) {\n            digits++;\n            temp /= 10;\n        }\n        bytes memory buffer = new bytes(digits);\n        while (value != 0) {\n            digits -= 1;\n            buffer[digits] = bytes1(uint8(48 + uint256(value % 10)));\n            value /= 10;\n        }\n        return string(buffer);\n    }\n\n    /**\n     * @dev Converts a `uint256` to its ASCII `string` hexadecimal representation.\n     */\n    function toHexString(uint256 value) internal pure returns (string memory) {\n        if (value == 0) {\n            return \"0x00\";\n        }\n        uint256 temp = value;\n        uint256 length = 0;\n        while (temp != 0) {\n            length++;\n            temp >>= 8;\n        }\n        return toHexString(value, length);\n    }\n\n    /**\n     * @dev Converts a `uint256` to its ASCII `string` hexadecimal representation with fixed length.\n     */\n    function toHexString(uint256 value, uint256 length) internal pure returns (string memory) {\n        bytes memory buffer = new bytes(2 * length + 2);\n        buffer[0] = \"0\";\n        buffer[1] = \"x\";\n        for (uint256 i = 2 * length + 1; i > 1; --i) {\n            buffer[i] = _HEX_SYMBOLS[value & 0xf];\n            value >>= 4;\n        }\n        require(value == 0, \"Strings: hex length insufficient\");\n        return string(buffer);\n    }\n}\n"
    },
    "base64-sol/base64.sol": {
      "content": "// SPDX-License-Identifier: MIT\n\npragma solidity >=0.6.0;\n\n/// @title Base64\n/// @author Brecht Devos - <brecht@loopring.org>\n/// @notice Provides functions for encoding/decoding base64\nlibrary Base64 {\n    string internal constant TABLE_ENCODE = 'ABCDEFGHIJKLMNOPQRSTUVWXYZabcdefghijklmnopqrstuvwxyz0123456789+/';\n    bytes  internal constant TABLE_DECODE = hex\"0000000000000000000000000000000000000000000000000000000000000000\"\n                                            hex\"00000000000000000000003e0000003f3435363738393a3b3c3d000000000000\"\n                                            hex\"00000102030405060708090a0b0c0d0e0f101112131415161718190000000000\"\n                                            hex\"001a1b1c1d1e1f202122232425262728292a2b2c2d2e2f303132330000000000\";\n\n    function encode(bytes memory data) internal pure returns (string memory) {\n        if (data.length == 0) return '';\n\n        // load the table into memory\n        string memory table = TABLE_ENCODE;\n\n        // multiply by 4/3 rounded up\n        uint256 encodedLen = 4 * ((data.length + 2) / 3);\n\n        // add some extra buffer at the end required for the writing\n        string memory result = new string(encodedLen + 32);\n\n        assembly {\n            // set the actual output length\n            mstore(result, encodedLen)\n\n            // prepare the lookup table\n            let tablePtr := add(table, 1)\n\n            // input ptr\n            let dataPtr := data\n            let endPtr := add(dataPtr, mload(data))\n\n            // result ptr, jump over length\n            let resultPtr := add(result, 32)\n\n            // run over the input, 3 bytes at a time\n            for {} lt(dataPtr, endPtr) {}\n            {\n                // read 3 bytes\n                dataPtr := add(dataPtr, 3)\n                let input := mload(dataPtr)\n\n                // write 4 characters\n                mstore8(resultPtr, mload(add(tablePtr, and(shr(18, input), 0x3F))))\n                resultPtr := add(resultPtr, 1)\n                mstore8(resultPtr, mload(add(tablePtr, and(shr(12, input), 0x3F))))\n                resultPtr := add(resultPtr, 1)\n                mstore8(resultPtr, mload(add(tablePtr, and(shr( 6, input), 0x3F))))\n                resultPtr := add(resultPtr, 1)\n                mstore8(resultPtr, mload(add(tablePtr, and(        input,  0x3F))))\n                resultPtr := add(resultPtr, 1)\n            }\n\n            // padding with '='\n            switch mod(mload(data), 3)\n            case 1 { mstore(sub(resultPtr, 2), shl(240, 0x3d3d)) }\n            case 2 { mstore(sub(resultPtr, 1), shl(248, 0x3d)) }\n        }\n\n        return result;\n    }\n\n    function decode(string memory _data) internal pure returns (bytes memory) {\n        bytes memory data = bytes(_data);\n\n        if (data.length == 0) return new bytes(0);\n        require(data.length % 4 == 0, \"invalid base64 decoder input\");\n\n        // load the table into memory\n        bytes memory table = TABLE_DECODE;\n\n        // every 4 characters represent 3 bytes\n        uint256 decodedLen = (data.length / 4) * 3;\n\n        // add some extra buffer at the end required for the writing\n        bytes memory result = new bytes(decodedLen + 32);\n\n        assembly {\n            // padding with '='\n            let lastBytes := mload(add(data, mload(data)))\n            if eq(and(lastBytes, 0xFF), 0x3d) {\n                decodedLen := sub(decodedLen, 1)\n                if eq(and(lastBytes, 0xFFFF), 0x3d3d) {\n                    decodedLen := sub(decodedLen, 1)\n                }\n            }\n\n            // set the actual output length\n            mstore(result, decodedLen)\n\n            // prepare the lookup table\n            let tablePtr := add(table, 1)\n\n            // input ptr\n            let dataPtr := data\n            let endPtr := add(dataPtr, mload(data))\n\n            // result ptr, jump over length\n            let resultPtr := add(result, 32)\n\n            // run over the input, 4 characters at a time\n            for {} lt(dataPtr, endPtr) {}\n            {\n               // read 4 characters\n               dataPtr := add(dataPtr, 4)\n               let input := mload(dataPtr)\n\n               // write 3 bytes\n               let output := add(\n                   add(\n                       shl(18, and(mload(add(tablePtr, and(shr(24, input), 0xFF))), 0xFF)),\n                       shl(12, and(mload(add(tablePtr, and(shr(16, input), 0xFF))), 0xFF))),\n                   add(\n                       shl( 6, and(mload(add(tablePtr, and(shr( 8, input), 0xFF))), 0xFF)),\n                               and(mload(add(tablePtr, and(        input , 0xFF))), 0xFF)\n                    )\n                )\n                mstore(resultPtr, shl(232, output))\n                resultPtr := add(resultPtr, 3)\n            }\n        }\n\n        return result;\n    }\n}\n"
    },
    "contracts/IWRLD_Name_Service_Metadata.sol": {
      "content": "// SPDX-License-Identifier: MIT\npragma solidity ^0.8.4;\n\nimport \"@openzeppelin/contracts/utils/introspection/IERC165.sol\";\n\ninterface IWRLD_Name_Service_Metadata is IERC165 {\n  function getMetadata(string memory _name, uint256 _expiresAt) external view returns (string memory);\n  function getImage(string memory _name, uint256 _expiresAt) external view returns (string memory);\n}\n"
    },
    "contracts/StringUtils.sol": {
      "content": "// SPDX-License-Identifier: MIT\npragma solidity >=0.8.4;\n\nlibrary StringUtils {\n    /**\n     * @dev Returns the length of a given string\n     *\n     * @param s The string to measure the length of\n     * @return The length of the input string\n     */\n    function strlen(string memory s) internal pure returns (uint256) {\n        uint len;\n        uint i = 0;\n        uint bytelength = bytes(s).length;\n        for (len = 0; i < bytelength; len++) {\n            bytes1 b = bytes(s)[i];\n            if (b < 0x80) {\n                i += 1;\n            } else if (b < 0xE0) {\n                i += 2;\n            } else if (b < 0xF0) {\n                i += 3;\n            } else if (b < 0xF8) {\n                i += 4;\n            } else if (b < 0xFC) {\n                i += 5;\n            } else {\n                i += 6;\n            }\n        }\n        return len;\n    }\n\n    /**\n     * @dev Checks the string for RFC3986 reserved characters.\n     *      Includes a few more extra chars for security. Specifically, percent encoding is not allowed.\n     *\n     * @param s The string to check\n     * @return T/F\n     */\n    function validateUriCharset(string memory s) internal pure returns (bool) {\n        uint len;\n        uint i = 0;\n        uint bytelength = bytes(s).length;\n        bytes1 b0 = bytes(s)[0];\n        if (b0==0x2d||b0==0x5f||b0==0x7e) {  // not allowed: - _ ~\n            return false;\n        }\n        for (len = 0; i < bytelength; len++) {\n            bytes1 b = bytes(s)[i];\n            if (b < 0x80) {\n                i += 1;\n                if (b<0x2d||b==0x2e||b==0x2f||(b>=0x3a&&b<=0x40)||b==0x5b||b==0x5c||b==0x5d||b==0x5e||b==0x60||b==0x7b||b==0x7c||b==0x7d||b==0x7f) {\n                    return false;\n                }\n            } else if (b < 0xE0) {\n                i += 2;\n            } else if (b < 0xF0) {\n                i += 3;\n            } else if (b < 0xF8) {\n                i += 4;\n            } else if (b < 0xFC) {\n                i += 5;\n            } else {\n                i += 6;\n            }\n        }\n        return true;\n    }\n\n    /**\n     * @dev Apply UTS-46 normalization to a string. (implementation deviates from the standard)\n     *\n     * @param s The string to normalize\n     * @return T/F\n     */\n    function UTS46Normalize(string memory s) internal pure returns (string memory) {\n        uint len;\n        uint i = 0;\n        uint bytelength = bytes(s).length;\n        bytes1 b0 = bytes(s)[0];\n\n        if (b0==0x2d||b0==0x5f||b0==0x7e) {  // not allowed in first position: - _ ~\n            revert(\"invalid charset\");\n        }\n        for (len = 0; i < bytelength; len++) {\n            bytes1 b = bytes(s)[i];\n            if (b < 0x80) {\n                if (b<0x2d||b==0x2e||b==0x2f||(b>=0x3a&&b<=0x40)||b==0x5b||b==0x5c||b==0x5d||b==0x5e||b==0x60||b==0x7b||b==0x7c||b==0x7d||b==0x7f) {\n                    revert(\"invalid charset\");\n                }\n                if (b>=0x41&&b<=0x5a) {\n                    bytes(s)[i] = bytes1(uint8(b) + 32);\n                }\n                i += 1;\n            } else if (b < 0xE0) {\n                i += 2;\n            } else if (b < 0xF0) {\n                i += 3;\n            } else if (b < 0xF8) {\n                i += 4;\n            } else if (b < 0xFC) {\n                i += 5;\n            } else {\n                i += 6;\n            }\n        }\n        return s;\n    }\n}\n"
    },
    "@openzeppelin/contracts/utils/introspection/IERC165.sol": {
      "content": "// SPDX-License-Identifier: MIT\n// OpenZeppelin Contracts v4.4.1 (utils/introspection/IERC165.sol)\n\npragma solidity ^0.8.0;\n\n/**\n * @dev Interface of the ERC165 standard, as defined in the\n * https://eips.ethereum.org/EIPS/eip-165[EIP].\n *\n * Implementers can declare support of contract interfaces, which can then be\n * queried by others ({ERC165Checker}).\n *\n * For an implementation, see {ERC165}.\n */\ninterface IERC165 {\n    /**\n     * @dev Returns true if this contract implements the interface defined by\n     * `interfaceId`. See the corresponding\n     * https://eips.ethereum.org/EIPS/eip-165#how-interfaces-are-identified[EIP section]\n     * to learn more about how these ids are created.\n     *\n     * This function call must use less than 30 000 gas.\n     */\n    function supportsInterface(bytes4 interfaceId) external view returns (bool);\n}\n"
    }
  },
  "settings": {
    "optimizer": {
      "enabled": true,
      "runs": 1500
    },
    "outputSelection": {
      "*": {
        "*": [
          "evm.bytecode",
          "evm.deployedBytecode",
          "devdoc",
          "userdoc",
          "metadata",
          "abi"
        ]
      }
    },
    "libraries": {}
  }
}