[{"inputs":[{"internalType":"address","name":"wethLike_","type":"address"}],"stateMutability":"nonpayable","type":"constructor"},{"inputs":[],"name":"POOL_FEE_BPS","outputs":[{"internalType":"uint24","name":"","type":"uint24"}],"stateMutability":"view","type":"function"},{"inputs":[],"name":"UNISWAP_V3_FACTORY","outputs":[{"internalType":"address","name":"","type":"address"}],"stateMutability":"view","type":"function"},{"inputs":[],"name":"defaultPoolFee","outputs":[{"internalType":"uint24","name":"","type":"uint24"}],"stateMutability":"view","type":"function"},{"inputs":[{"internalType":"uint256","name":"amountOut_","type":"uint256"},{"internalType":"bytes","name":"path_","type":"bytes"}],"name":"getAmountsIn","outputs":[{"internalType":"uint256","name":"_amountIn","type":"uint256"}],"stateMutability":"nonpayable","type":"function"},{"inputs":[{"internalType":"uint256","name":"amountIn_","type":"uint256"},{"internalType":"bytes","name":"path_","type":"bytes"}],"name":"getAmountsOut","outputs":[{"internalType":"uint256","name":"_amountOut","type":"uint256"}],"stateMutability":"nonpayable","type":"function"},{"inputs":[{"internalType":"address","name":"tokenIn_","type":"address"},{"internalType":"address","name":"tokenOut_","type":"address"},{"internalType":"uint256","name":"amountOut_","type":"uint256"}],"name":"getBestAmountIn","outputs":[{"internalType":"uint256","name":"_amountIn","type":"uint256"},{"internalType":"bytes","name":"_path","type":"bytes"}],"stateMutability":"nonpayable","type":"function"},{"inputs":[{"internalType":"address","name":"tokenIn_","type":"address"},{"internalType":"address","name":"tokenOut_","type":"address"},{"internalType":"uint256","name":"amountIn_","type":"uint256"}],"name":"getBestAmountOut","outputs":[{"internalType":"uint256","name":"_amountOut","type":"uint256"},{"internalType":"bytes","name":"_path","type":"bytes"}],"stateMutability":"nonpayable","type":"function"},{"inputs":[{"internalType":"bytes","name":"path_","type":"bytes"},{"internalType":"uint256","name":"amountIn_","type":"uint256"},{"internalType":"uint256","name":"amountOutMin_","type":"uint256"},{"internalType":"address","name":"outReceiver_","type":"address"}],"name":"swapExactInput","outputs":[{"internalType":"uint256","name":"_amountOut","type":"uint256"}],"stateMutability":"nonpayable","type":"function"},{"inputs":[{"internalType":"bytes","name":"path_","type":"bytes"},{"internalType":"uint256","name":"amountOut_","type":"uint256"},{"internalType":"uint256","name":"amountInMax_","type":"uint256"},{"internalType":"address","name":"remainingReceiver_","type":"address"},{"internalType":"address","name":"outReceiver_","type":"address"}],"name":"swapExactOutput","outputs":[{"internalType":"uint256","name":"_amountIn","type":"uint256"}],"stateMutability":"nonpayable","type":"function"},{"inputs":[],"name":"wethLike","outputs":[{"internalType":"address","name":"","type":"address"}],"stateMutability":"view","type":"function"}]