[{"inputs":[{"internalType":"address","name":"_devWalletAddress","type":"address"},{"internalType":"address","name":"_marketingWalletAddress","type":"address"}],"stateMutability":"nonpayable","type":"constructor"},{"anonymous":false,"inputs":[{"indexed":false,"internalType":"uint256","name":"amountTokens","type":"uint256"},{"indexed":false,"internalType":"uint256","name":"amountEth","type":"uint256"}],"name":"AddLiquidity","type":"event"},{"anonymous":false,"inputs":[{"indexed":false,"internalType":"uint256","name":"_ethAmount","type":"uint256"}],"name":"AddRewardPool","type":"event"},{"anonymous":false,"inputs":[{"indexed":true,"internalType":"address","name":"owner","type":"address"},{"indexed":true,"internalType":"address","name":"spender","type":"address"},{"indexed":false,"internalType":"uint256","name":"value","type":"uint256"}],"name":"Approval","type":"event"},{"anonymous":false,"inputs":[{"indexed":false,"internalType":"address","name":"from","type":"address"},{"indexed":false,"internalType":"address","name":"to","type":"address"},{"indexed":false,"internalType":"uint256","name":"amountTokens","type":"uint256"}],"name":"BuyFees","type":"event"},{"anonymous":false,"inputs":[{"indexed":false,"internalType":"uint256","name":"devEth","type":"uint256"},{"indexed":false,"internalType":"uint256","name":"remarketingEth","type":"uint256"}],"name":"DistributeFees","type":"event"},{"anonymous":false,"inputs":[{"indexed":false,"internalType":"uint256","name":"ethAmount","type":"uint256"},{"indexed":false,"internalType":"uint256","name":"tokenAmount","type":"uint256"},{"indexed":false,"internalType":"address","name":"account","type":"address"}],"name":"DividendClaimed","type":"event"},{"anonymous":false,"inputs":[{"indexed":true,"internalType":"address","name":"previousOwner","type":"address"},{"indexed":true,"internalType":"address","name":"newOwner","type":"address"}],"name":"OwnershipTransferred","type":"event"},{"anonymous":false,"inputs":[{"indexed":false,"internalType":"address","name":"from","type":"address"},{"indexed":false,"internalType":"address","name":"to","type":"address"},{"indexed":false,"internalType":"uint256","name":"amountTokens","type":"uint256"}],"name":"SellFees","type":"event"},{"anonymous":false,"inputs":[{"indexed":false,"internalType":"uint256","name":"amount","type":"uint256"}],"name":"SendDividends","type":"event"},{"anonymous":false,"inputs":[{"indexed":false,"internalType":"uint256","name":"sentEth","type":"uint256"},{"indexed":false,"internalType":"uint256","name":"receivedTokens","type":"uint256"}],"name":"SwapEthForTokens","type":"event"},{"anonymous":false,"inputs":[{"indexed":false,"internalType":"uint256","name":"sentTokens","type":"uint256"},{"indexed":false,"internalType":"uint256","name":"receivedEth","type":"uint256"}],"name":"SwapTokensForEth","type":"event"},{"anonymous":false,"inputs":[{"indexed":true,"internalType":"address","name":"from","type":"address"},{"indexed":true,"internalType":"address","name":"to","type":"address"},{"indexed":false,"internalType":"uint256","name":"value","type":"uint256"}],"name":"Transfer","type":"event"},{"inputs":[{"internalType":"address","name":"owner","type":"address"},{"internalType":"address","name":"spender","type":"address"}],"name":"allowance","outputs":[{"internalType":"uint256","name":"","type":"uint256"}],"stateMutability":"view","type":"function"},{"inputs":[{"internalType":"bool","name":"_alowClaims","type":"bool"}],"name":"alowClaims","outputs":[],"stateMutability":"nonpayable","type":"function"},{"inputs":[{"internalType":"address","name":"spender","type":"address"},{"internalType":"uint256","name":"amount","type":"uint256"}],"name":"approve","outputs":[{"internalType":"bool","name":"","type":"bool"}],"stateMutability":"nonpayable","type":"function"},{"inputs":[],"name":"availableContractTokenBalance","outputs":[{"internalType":"uint256","name":"","type":"uint256"}],"stateMutability":"view","type":"function"},{"inputs":[{"internalType":"address","name":"account","type":"address"}],"name":"balanceOf","outputs":[{"internalType":"uint256","name":"","type":"uint256"}],"stateMutability":"view","type":"function"},{"inputs":[],"name":"baseBuyTax","outputs":[{"internalType":"uint256","name":"","type":"uint256"}],"stateMutability":"view","type":"function"},{"inputs":[],"name":"baseSellTax","outputs":[{"internalType":"uint256","name":"","type":"uint256"}],"stateMutability":"view","type":"function"},{"inputs":[{"internalType":"address","name":"_address","type":"address"}],"name":"canHolderClaim","outputs":[{"internalType":"uint256","name":"","type":"uint256"}],"stateMutability":"view","type":"function"},{"inputs":[],"name":"claim","outputs":[],"stateMutability":"nonpayable","type":"function"},{"inputs":[],"name":"decimals","outputs":[{"internalType":"uint8","name":"","type":"uint8"}],"stateMutability":"view","type":"function"},{"inputs":[{"internalType":"address","name":"spender","type":"address"},{"internalType":"uint256","name":"subtractedValue","type":"uint256"}],"name":"decreaseAllowance","outputs":[{"internalType":"bool","name":"","type":"bool"}],"stateMutability":"nonpayable","type":"function"},{"inputs":[{"internalType":"address","name":"_account","type":"address"}],"name":"dividendTokenBalanceOf","outputs":[{"internalType":"uint256","name":"","type":"uint256"}],"stateMutability":"view","type":"function"},{"inputs":[],"name":"dividendTracker","outputs":[{"internalType":"contract BFFDividendTracker","name":"","type":"address"}],"stateMutability":"view","type":"function"},{"inputs":[{"internalType":"uint256","name":"_minutesForPreSale","type":"uint256"},{"internalType":"address","name":"_preSaleTokenAddress","type":"address"},{"internalType":"uint256","name":"_minimumPreSaleTokens","type":"uint256"}],"name":"enablePreSale","outputs":[],"stateMutability":"nonpayable","type":"function"},{"inputs":[{"internalType":"address","name":"_account","type":"address"}],"name":"getAccount","outputs":[{"internalType":"uint256","name":"withdrawableDividends","type":"uint256"},{"internalType":"uint256","name":"withdrawnDividends","type":"uint256"},{"internalType":"uint256","name":"balance","type":"uint256"}],"stateMutability":"view","type":"function"},{"inputs":[{"internalType":"address","name":"_account","type":"address"},{"internalType":"uint256","name":"_limit","type":"uint256"},{"internalType":"uint256","name":"_pageNumber","type":"uint256"}],"name":"getHistory","outputs":[{"components":[{"internalType":"uint256","name":"ethAmount","type":"uint256"},{"internalType":"uint256","name":"tokenAmount","type":"uint256"},{"internalType":"uint256","name":"timestamp","type":"uint256"}],"internalType":"struct BFF.ClaimedEth[]","name":"","type":"tuple[]"}],"stateMutability":"view","type":"function"},{"inputs":[{"internalType":"address","name":"_account","type":"address"}],"name":"getHistoryCount","outputs":[{"internalType":"uint256","name":"","type":"uint256"}],"stateMutability":"view","type":"function"},{"inputs":[],"name":"getNumberOfDividendTokenHolders","outputs":[{"internalType":"uint256","name":"","type":"uint256"}],"stateMutability":"view","type":"function"},{"inputs":[{"internalType":"address","name":"_ad","type":"address"},{"internalType":"uint256","name":"_amount","type":"uint256"}],"name":"getPriceImpactTax","outputs":[{"internalType":"uint256","name":"","type":"uint256"}],"stateMutability":"view","type":"function"},{"inputs":[{"internalType":"uint256","name":"_amount","type":"uint256"}],"name":"getReferralAddressByTokenAmount","outputs":[{"internalType":"address","name":"referrerAddress","type":"address"}],"stateMutability":"view","type":"function"},{"inputs":[{"internalType":"address","name":"account","type":"address"}],"name":"getReferralCode","outputs":[{"internalType":"uint256","name":"referralCode","type":"uint256"}],"stateMutability":"view","type":"function"},{"inputs":[{"internalType":"uint256","name":"referralCode","type":"uint256"}],"name":"getReferralCodeAddress","outputs":[{"internalType":"address","name":"referrerAddress","type":"address"}],"stateMutability":"view","type":"function"},{"inputs":[],"name":"getTotalDividendsDistributed","outputs":[{"internalType":"uint256","name":"","type":"uint256"}],"stateMutability":"view","type":"function"},{"inputs":[{"internalType":"address","name":"spender","type":"address"},{"internalType":"uint256","name":"addedValue","type":"uint256"}],"name":"increaseAllowance","outputs":[{"internalType":"bool","name":"","type":"bool"}],"stateMutability":"nonpayable","type":"function"},{"inputs":[{"internalType":"address","name":"","type":"address"}],"name":"initialBuyTimestamp","outputs":[{"internalType":"uint256","name":"","type":"uint256"}],"stateMutability":"view","type":"function"},{"inputs":[{"internalType":"address","name":"","type":"address"}],"name":"isAllowedToClaim","outputs":[{"internalType":"bool","name":"","type":"bool"}],"stateMutability":"view","type":"function"},{"inputs":[{"internalType":"address","name":"_address","type":"address"},{"internalType":"bool","name":"_isAlowedToClaim","type":"bool"}],"name":"isAlowedToClaim","outputs":[],"stateMutability":"nonpayable","type":"function"},{"inputs":[{"internalType":"address","name":"","type":"address"}],"name":"isBlacklist","outputs":[{"internalType":"bool","name":"","type":"bool"}],"stateMutability":"view","type":"function"},{"inputs":[{"internalType":"address","name":"","type":"address"}],"name":"isBot","outputs":[{"internalType":"bool","name":"","type":"bool"}],"stateMutability":"view","type":"function"},{"inputs":[{"internalType":"address","name":"","type":"address"}],"name":"isExcludeFromFee","outputs":[{"internalType":"bool","name":"","type":"bool"}],"stateMutability":"view","type":"function"},{"inputs":[{"internalType":"address","name":"","type":"address"}],"name":"isExcludeFromMaxWalletAmount","outputs":[{"internalType":"bool","name":"","type":"bool"}],"stateMutability":"view","type":"function"},{"inputs":[{"internalType":"address","name":"referrer","type":"address"},{"internalType":"address","name":"_to","type":"address"}],"name":"isReferralValid","outputs":[{"internalType":"bool","name":"","type":"bool"}],"stateMutability":"view","type":"function"},{"inputs":[{"internalType":"address","name":"","type":"address"}],"name":"lastTransfer","outputs":[{"internalType":"uint256","name":"","type":"uint256"}],"stateMutability":"view","type":"function"},{"inputs":[],"name":"manualSend","outputs":[],"stateMutability":"nonpayable","type":"function"},{"inputs":[],"name":"manualSwap","outputs":[],"stateMutability":"nonpayable","type":"function"},{"inputs":[],"name":"maxIndexImpactRange","outputs":[{"internalType":"uint8","name":"","type":"uint8"}],"stateMutability":"view","type":"function"},{"inputs":[],"name":"maxWalletAmount","outputs":[{"internalType":"uint256","name":"","type":"uint256"}],"stateMutability":"view","type":"function"},{"inputs":[],"name":"minContractTokensToSwap","outputs":[{"internalType":"uint256","name":"","type":"uint256"}],"stateMutability":"view","type":"function"},{"inputs":[],"name":"minRewardTokensToSwap","outputs":[{"internalType":"uint256","name":"","type":"uint256"}],"stateMutability":"view","type":"function"},{"inputs":[],"name":"name","outputs":[{"internalType":"string","name":"","type":"string"}],"stateMutability":"view","type":"function"},{"inputs":[],"name":"openTrading","outputs":[],"stateMutability":"nonpayable","type":"function"},{"inputs":[],"name":"owner","outputs":[{"internalType":"address","name":"","type":"address"}],"stateMutability":"view","type":"function"},{"inputs":[],"name":"pendingEthReward","outputs":[{"internalType":"uint256","name":"","type":"uint256"}],"stateMutability":"view","type":"function"},{"inputs":[],"name":"pendingTokensForReward","outputs":[{"internalType":"uint256","name":"","type":"uint256"}],"stateMutability":"view","type":"function"},{"inputs":[{"internalType":"uint256","name":"","type":"uint256"}],"name":"priceImpactRangeTaxes","outputs":[{"internalType":"uint256","name":"from","type":"uint256"},{"internalType":"uint256","name":"to","type":"uint256"},{"internalType":"uint256","name":"tax","type":"uint256"}],"stateMutability":"view","type":"function"},{"inputs":[],"name":"referralBuyTax","outputs":[{"internalType":"uint256","name":"","type":"uint256"}],"stateMutability":"view","type":"function"},{"inputs":[],"name":"referredBonus","outputs":[{"internalType":"uint256","name":"","type":"uint256"}],"stateMutability":"view","type":"function"},{"inputs":[],"name":"referrerBonus","outputs":[{"internalType":"uint256","name":"","type":"uint256"}],"stateMutability":"view","type":"function"},{"inputs":[],"name":"reinvest","outputs":[],"stateMutability":"nonpayable","type":"function"},{"inputs":[],"name":"renounceOwnership","outputs":[],"stateMutability":"nonpayable","type":"function"},{"inputs":[{"internalType":"address","name":"_address","type":"address"},{"internalType":"bool","name":"_isBlaklist","type":"bool"}],"name":"setBlacklist","outputs":[],"stateMutability":"nonpayable","type":"function"},{"inputs":[{"internalType":"address[]","name":"_bots","type":"address[]"}],"name":"setBots","outputs":[],"stateMutability":"nonpayable","type":"function"},{"inputs":[{"internalType":"address","name":"_address","type":"address"},{"internalType":"bool","name":"_isExludeFromFee","type":"bool"}],"name":"setExcludeFromFee","outputs":[],"stateMutability":"nonpayable","type":"function"},{"inputs":[{"internalType":"address","name":"_address","type":"address"},{"internalType":"bool","name":"_isExludeFromMaxWalletAmount","type":"bool"}],"name":"setExcludeFromMaxWalletAmount","outputs":[],"stateMutability":"nonpayable","type":"function"},{"inputs":[{"internalType":"address","name":"_address","type":"address"},{"internalType":"bool","name":"_isExludeFromDividends","type":"bool"}],"name":"setExludeFromDividends","outputs":[],"stateMutability":"nonpayable","type":"function"},{"inputs":[{"internalType":"uint8","name":"_maxIndex","type":"uint8"}],"name":"setMaxIndexImpactRange","outputs":[],"stateMutability":"nonpayable","type":"function"},{"inputs":[{"internalType":"uint256","name":"newMaxWallet","type":"uint256"}],"name":"setMaxWallet","outputs":[],"stateMutability":"nonpayable","type":"function"},{"inputs":[{"internalType":"uint256","name":"_numToken","type":"uint256"}],"name":"setMinContractTokensToSwap","outputs":[],"stateMutability":"nonpayable","type":"function"},{"inputs":[{"internalType":"uint256","name":"_numToken","type":"uint256"}],"name":"setMinRewardTokensToSwap","outputs":[],"stateMutability":"nonpayable","type":"function"},{"inputs":[{"internalType":"address[]","name":"_isMultipleExludeFromDividends","type":"address[]"}],"name":"setMultipleExludeFromDividends","outputs":[],"stateMutability":"nonpayable","type":"function"},{"inputs":[{"internalType":"uint8","name":"_index","type":"uint8"},{"internalType":"uint256","name":"_from","type":"uint256"},{"internalType":"uint256","name":"_to","type":"uint256"},{"internalType":"uint256","name":"_tax","type":"uint256"}],"name":"setPriceImpactRangeTax","outputs":[],"stateMutability":"nonpayable","type":"function"},{"inputs":[{"internalType":"uint256","name":"_baseBuyTax","type":"uint256"},{"internalType":"uint256","name":"_baseSellTax","type":"uint256"},{"internalType":"uint256","name":"_autoLP","type":"uint256"},{"internalType":"uint256","name":"_devFee","type":"uint256"},{"internalType":"uint256","name":"_marketingFee","type":"uint256"}],"name":"setTaxes","outputs":[],"stateMutability":"nonpayable","type":"function"},{"inputs":[{"internalType":"address","name":"_devWallet","type":"address"},{"internalType":"address","name":"_marketingWallet","type":"address"}],"name":"setWalletAddress","outputs":[],"stateMutability":"nonpayable","type":"function"},{"inputs":[],"name":"symbol","outputs":[{"internalType":"string","name":"","type":"string"}],"stateMutability":"view","type":"function"},{"inputs":[],"name":"totalSupply","outputs":[{"internalType":"uint256","name":"","type":"uint256"}],"stateMutability":"view","type":"function"},{"inputs":[{"internalType":"address","name":"to","type":"address"},{"internalType":"uint256","name":"amount","type":"uint256"}],"name":"transfer","outputs":[{"internalType":"bool","name":"","type":"bool"}],"stateMutability":"nonpayable","type":"function"},{"inputs":[{"internalType":"address","name":"from","type":"address"},{"internalType":"address","name":"to","type":"address"},{"internalType":"uint256","name":"amount","type":"uint256"}],"name":"transferFrom","outputs":[{"internalType":"bool","name":"","type":"bool"}],"stateMutability":"nonpayable","type":"function"},{"inputs":[{"internalType":"uint256","name":"_referralBuyTax","type":"uint256"},{"internalType":"uint256","name":"_referrerBonus","type":"uint256"},{"internalType":"uint256","name":"_referredBonus","type":"uint256"},{"internalType":"uint256","name":"tokensNeeded","type":"uint256"}],"name":"updateReferrals","outputs":[],"stateMutability":"nonpayable","type":"function"},{"inputs":[],"name":"withdrawStuckETH","outputs":[],"stateMutability":"nonpayable","type":"function"},{"inputs":[{"internalType":"address","name":"_account","type":"address"}],"name":"withdrawableDividendOf","outputs":[{"internalType":"uint256","name":"","type":"uint256"}],"stateMutability":"view","type":"function"},{"stateMutability":"payable","type":"receive"}]