[{"inputs":[{"internalType":"address","name":"_nameServiceRegistry","type":"address"}],"stateMutability":"nonpayable","type":"constructor"},{"anonymous":false,"inputs":[{"indexed":true,"internalType":"address","name":"setter","type":"address"},{"indexed":true,"internalType":"string","name":"idxName","type":"string"},{"indexed":true,"internalType":"string","name":"idxEntry","type":"string"},{"indexed":false,"internalType":"string","name":"name","type":"string"},{"indexed":false,"internalType":"string","name":"entry","type":"string"},{"indexed":false,"internalType":"address","name":"value","type":"address"}],"name":"AddressEntryUpdated","type":"event"},{"anonymous":false,"inputs":[{"indexed":true,"internalType":"string","name":"idxName","type":"string"},{"indexed":false,"internalType":"string","name":"name","type":"string"},{"indexed":false,"internalType":"string","name":"record","type":"string"},{"indexed":false,"internalType":"address","name":"value","type":"address"},{"indexed":false,"internalType":"uint256","name":"ttl","type":"uint256"}],"name":"AddressRecordUpdated","type":"event"},{"anonymous":false,"inputs":[{"indexed":true,"internalType":"address","name":"setter","type":"address"},{"indexed":true,"internalType":"string","name":"idxName","type":"string"},{"indexed":true,"internalType":"string","name":"idxEntry","type":"string"},{"indexed":false,"internalType":"string","name":"name","type":"string"},{"indexed":false,"internalType":"string","name":"entry","type":"string"},{"indexed":false,"internalType":"int256","name":"value","type":"int256"}],"name":"IntEntryUpdated","type":"event"},{"anonymous":false,"inputs":[{"indexed":true,"internalType":"string","name":"idxName","type":"string"},{"indexed":false,"internalType":"string","name":"name","type":"string"},{"indexed":false,"internalType":"string","name":"record","type":"string"},{"indexed":false,"internalType":"int256","name":"value","type":"int256"},{"indexed":false,"internalType":"uint256","name":"ttl","type":"uint256"}],"name":"IntRecordUpdated","type":"event"},{"anonymous":false,"inputs":[{"indexed":true,"internalType":"address","name":"setter","type":"address"},{"indexed":true,"internalType":"string","name":"idxName","type":"string"},{"indexed":true,"internalType":"string","name":"idxEntry","type":"string"},{"indexed":false,"internalType":"string","name":"name","type":"string"},{"indexed":false,"internalType":"string","name":"entry","type":"string"},{"indexed":false,"internalType":"string","name":"value","type":"string"}],"name":"StringEntryUpdated","type":"event"},{"anonymous":false,"inputs":[{"indexed":true,"internalType":"string","name":"idxName","type":"string"},{"indexed":false,"internalType":"string","name":"name","type":"string"},{"indexed":false,"internalType":"string","name":"record","type":"string"},{"indexed":false,"internalType":"string","name":"value","type":"string"},{"indexed":false,"internalType":"string","name":"typeOf","type":"string"},{"indexed":false,"internalType":"uint256","name":"ttl","type":"uint256"}],"name":"StringRecordUpdated","type":"event"},{"anonymous":false,"inputs":[{"indexed":true,"internalType":"address","name":"setter","type":"address"},{"indexed":true,"internalType":"string","name":"idxName","type":"string"},{"indexed":true,"internalType":"string","name":"idxEntry","type":"string"},{"indexed":false,"internalType":"string","name":"name","type":"string"},{"indexed":false,"internalType":"string","name":"entry","type":"string"},{"indexed":false,"internalType":"uint256","name":"value","type":"uint256"}],"name":"UintEntryUpdated","type":"event"},{"anonymous":false,"inputs":[{"indexed":true,"internalType":"string","name":"idxName","type":"string"},{"indexed":false,"internalType":"string","name":"name","type":"string"},{"indexed":false,"internalType":"string","name":"record","type":"string"},{"indexed":false,"internalType":"uint256","name":"value","type":"uint256"},{"indexed":false,"internalType":"uint256","name":"ttl","type":"uint256"}],"name":"UintRecordUpdated","type":"event"},{"inputs":[{"internalType":"address","name":"_setter","type":"address"},{"internalType":"string","name":"_name","type":"string"},{"internalType":"string","name":"_entry","type":"string"}],"name":"getAddressEntry","outputs":[{"internalType":"address","name":"","type":"address"}],"stateMutability":"view","type":"function"},{"inputs":[{"internalType":"address","name":"_setter","type":"address"},{"internalType":"string","name":"_name","type":"string"},{"internalType":"string","name":"_entry","type":"string"}],"name":"getIntEntry","outputs":[{"internalType":"int256","name":"","type":"int256"}],"stateMutability":"view","type":"function"},{"inputs":[{"internalType":"string","name":"_name","type":"string"},{"internalType":"string","name":"_record","type":"string"}],"name":"getNameAddressRecord","outputs":[{"components":[{"internalType":"address","name":"value","type":"address"},{"internalType":"uint256","name":"ttl","type":"uint256"}],"internalType":"struct IWRLD_Records.AddressRecord","name":"","type":"tuple"}],"stateMutability":"view","type":"function"},{"inputs":[{"internalType":"string","name":"_name","type":"string"}],"name":"getNameAddressRecordsList","outputs":[{"internalType":"string[]","name":"","type":"string[]"}],"stateMutability":"view","type":"function"},{"inputs":[{"internalType":"string","name":"_name","type":"string"},{"internalType":"string","name":"_record","type":"string"}],"name":"getNameIntRecord","outputs":[{"components":[{"internalType":"int256","name":"value","type":"int256"},{"internalType":"uint256","name":"ttl","type":"uint256"}],"internalType":"struct IWRLD_Records.IntRecord","name":"","type":"tuple"}],"stateMutability":"view","type":"function"},{"inputs":[{"internalType":"string","name":"_name","type":"string"}],"name":"getNameIntRecordsList","outputs":[{"internalType":"string[]","name":"","type":"string[]"}],"stateMutability":"view","type":"function"},{"inputs":[{"internalType":"string","name":"_name","type":"string"},{"internalType":"string","name":"_record","type":"string"}],"name":"getNameStringRecord","outputs":[{"components":[{"internalType":"string","name":"value","type":"string"},{"internalType":"string","name":"typeOf","type":"string"},{"internalType":"uint256","name":"ttl","type":"uint256"}],"internalType":"struct IWRLD_Records.StringRecord","name":"","type":"tuple"}],"stateMutability":"view","type":"function"},{"inputs":[{"internalType":"string","name":"_name","type":"string"}],"name":"getNameStringRecordsList","outputs":[{"internalType":"string[]","name":"","type":"string[]"}],"stateMutability":"view","type":"function"},{"inputs":[{"internalType":"string","name":"_name","type":"string"},{"internalType":"string","name":"_record","type":"string"}],"name":"getNameUintRecord","outputs":[{"components":[{"internalType":"uint256","name":"value","type":"uint256"},{"internalType":"uint256","name":"ttl","type":"uint256"}],"internalType":"struct IWRLD_Records.UintRecord","name":"","type":"tuple"}],"stateMutability":"view","type":"function"},{"inputs":[{"internalType":"string","name":"_name","type":"string"}],"name":"getNameUintRecordsList","outputs":[{"internalType":"string[]","name":"","type":"string[]"}],"stateMutability":"view","type":"function"},{"inputs":[{"internalType":"address","name":"_setter","type":"address"},{"internalType":"string","name":"_name","type":"string"},{"internalType":"string","name":"_entry","type":"string"}],"name":"getStringEntry","outputs":[{"internalType":"string","name":"","type":"string"}],"stateMutability":"view","type":"function"},{"inputs":[{"internalType":"address","name":"_setter","type":"address"},{"internalType":"string","name":"_name","type":"string"},{"internalType":"string","name":"_entry","type":"string"}],"name":"getUintEntry","outputs":[{"internalType":"uint256","name":"","type":"uint256"}],"stateMutability":"view","type":"function"},{"inputs":[{"internalType":"address","name":"_setter","type":"address"},{"internalType":"string","name":"_name","type":"string"},{"internalType":"string","name":"_entry","type":"string"},{"internalType":"address","name":"_value","type":"address"}],"name":"setAddressEntry","outputs":[],"stateMutability":"nonpayable","type":"function"},{"inputs":[{"internalType":"string","name":"_name","type":"string"},{"internalType":"string","name":"_record","type":"string"},{"internalType":"address","name":"_value","type":"address"},{"internalType":"uint256","name":"_ttl","type":"uint256"}],"name":"setAddressRecord","outputs":[],"stateMutability":"nonpayable","type":"function"},{"inputs":[{"internalType":"address","name":"_setter","type":"address"},{"internalType":"string","name":"_name","type":"string"},{"internalType":"string","name":"_entry","type":"string"},{"internalType":"int256","name":"_value","type":"int256"}],"name":"setIntEntry","outputs":[],"stateMutability":"nonpayable","type":"function"},{"inputs":[{"internalType":"string","name":"_name","type":"string"},{"internalType":"string","name":"_record","type":"string"},{"internalType":"int256","name":"_value","type":"int256"},{"internalType":"uint256","name":"_ttl","type":"uint256"}],"name":"setIntRecord","outputs":[],"stateMutability":"nonpayable","type":"function"},{"inputs":[{"internalType":"address","name":"_setter","type":"address"},{"internalType":"string","name":"_name","type":"string"},{"internalType":"string","name":"_entry","type":"string"},{"internalType":"string","name":"_value","type":"string"}],"name":"setStringEntry","outputs":[],"stateMutability":"nonpayable","type":"function"},{"inputs":[{"internalType":"string","name":"_name","type":"string"},{"internalType":"string","name":"_record","type":"string"},{"internalType":"string","name":"_value","type":"string"},{"internalType":"string","name":"_typeOf","type":"string"},{"internalType":"uint256","name":"_ttl","type":"uint256"}],"name":"setStringRecord","outputs":[],"stateMutability":"nonpayable","type":"function"},{"inputs":[{"internalType":"address","name":"_setter","type":"address"},{"internalType":"string","name":"_name","type":"string"},{"internalType":"string","name":"_entry","type":"string"},{"internalType":"uint256","name":"_value","type":"uint256"}],"name":"setUintEntry","outputs":[],"stateMutability":"nonpayable","type":"function"},{"inputs":[{"internalType":"string","name":"_name","type":"string"},{"internalType":"string","name":"_record","type":"string"},{"internalType":"uint256","name":"_value","type":"uint256"},{"internalType":"uint256","name":"_ttl","type":"uint256"}],"name":"setUintRecord","outputs":[],"stateMutability":"nonpayable","type":"function"},{"inputs":[{"internalType":"bytes4","name":"interfaceId","type":"bytes4"}],"name":"supportsInterface","outputs":[{"internalType":"bool","name":"","type":"bool"}],"stateMutability":"pure","type":"function"}]