{
  "language": "Solidity",
  "sources": {
    "contracts/LaTableDuChefBooking.sol": {
      "content": "//SPDX-License-Identifier: Unlicense\npragma solidity ^0.8.14;\n\nimport \"@openzeppelin/contracts/access/Ownable.sol\";\nimport \"@openzeppelin/contracts/security/Pausable.sol\";\nimport \"@openzeppelin/contracts/token/ERC1155/extensions/ERC1155Supply.sol\";\nimport \"@openzeppelin/contracts/token/ERC1155/extensions/ERC1155URIStorage.sol\";\nimport \"@openzeppelin/contracts/token/ERC721/IERC721.sol\";\n\n/// @title La Table du Chef - Booking\n/// @author Consultec FZCO, <info@consultec.ae>\ncontract LaTableDuChefBooking is\n    ERC1155Supply,\n    ERC1155URIStorage,\n    Ownable,\n    Pausable\n{\n    address public _conciergerie;\n    address public immutable _nftPass;\n\n    mapping(uint256 => uint256) public _priceByTokenId;\n    mapping(uint256 => uint256) public _maxSupplyByTokenId;\n\n    constructor(address conciergerie, address nftPass) ERC1155(\"\") {\n        _conciergerie = conciergerie;\n        _nftPass = nftPass;\n    }\n\n    function name() external pure returns (string memory) {\n        return \"LaTableDuChefBooking\";\n    }\n\n    function symbol() external pure returns (string memory) {\n        return \"LTDCB\";\n    }\n\n    function uri(uint256 tokenId)\n        public\n        view\n        virtual\n        override(ERC1155, ERC1155URIStorage)\n        returns (string memory)\n    {\n        return ERC1155URIStorage.uri(tokenId);\n    }\n\n    function setURI(uint256 tokenId, string memory tokenURI)\n        external\n        onlyOwner\n    {\n        _setURI(tokenId, tokenURI);\n    }\n\n    function setBaseURI(string memory baseURI) external onlyOwner {\n        _setBaseURI(baseURI);\n    }\n\n    function setConciergerie(address conciergerie) external onlyOwner {\n        _conciergerie = conciergerie;\n    }\n\n    function pause() external onlyOwner {\n        _pause();\n    }\n\n    function unpause() external onlyOwner {\n        _unpause();\n    }\n\n    function setConfigByTokenId(\n        uint256 id,\n        uint256 max,\n        uint256 price\n    ) external onlyOwner {\n        _maxSupplyByTokenId[id] = max;\n        _priceByTokenId[id] = price;\n    }\n\n    function setBatchConfigByTokenIds(\n        uint256[] calldata ids,\n        uint256[] calldata prices,\n        uint256[] calldata supplies\n    ) external onlyOwner {\n        require(\n            (ids.length == supplies.length) &&\n                (supplies.length == prices.length),\n            \"!length\"\n        );\n        for (uint256 i = 0; i < ids.length; i++) {\n            _priceByTokenId[ids[i]] = prices[i];\n            _maxSupplyByTokenId[ids[i]] = supplies[i];\n        }\n    }\n\n    function getConfigByTokenId(uint256 id)\n        external\n        view\n        returns (uint256, uint256)\n    {\n        return (_priceByTokenId[id], _maxSupplyByTokenId[id]);\n    }\n\n    function publicMint(\n        address to,\n        uint256 amount,\n        uint256 id\n    ) external payable whenNotPaused {\n        unchecked {\n            require(\n                msg.value >= _priceByTokenId[id] * uint16(amount),\n                \"!ether\"\n            );\n        }\n        mint(to, id, amount);\n    }\n\n    function ownerMint(\n        address to,\n        uint256 amount,\n        uint256 id\n    ) external onlyOwner {\n        mint(to, id, amount);\n    }\n\n    function mint(\n        address to,\n        uint256 id,\n        uint256 amount\n    ) private {\n        unchecked {\n            require(\n                totalSupply(id) + uint16(amount) <= _maxSupplyByTokenId[id],\n                \"!supply\"\n            );\n        }\n        _mint(to, id, uint16(amount), new bytes(0));\n    }\n\n    function _beforeTokenTransfer(\n        address operator,\n        address from,\n        address to,\n        uint256[] memory ids,\n        uint256[] memory amounts,\n        bytes memory data\n    ) internal virtual override(ERC1155, ERC1155Supply) {\n        require(\n            (to != _conciergerie) ||\n                (IERC721(_nftPass).balanceOf(_msgSender()) >= 1),\n            \"!pass\"\n        );\n        super._beforeTokenTransfer(operator, from, to, ids, amounts, data);\n    }\n\n    function withdraw() external onlyOwner {\n        // solhint-disable-next-line avoid-low-level-calls\n        (bool success, ) = payable(owner()).call{value: address(this).balance}(\n            \"\"\n        );\n        require(success, \"!transfer\");\n    }\n}\n"
    },
    "@openzeppelin/contracts/access/Ownable.sol": {
      "content": "// SPDX-License-Identifier: MIT\n// OpenZeppelin Contracts v4.4.1 (access/Ownable.sol)\n\npragma solidity ^0.8.0;\n\nimport \"../utils/Context.sol\";\n\n/**\n * @dev Contract module which provides a basic access control mechanism, where\n * there is an account (an owner) that can be granted exclusive access to\n * specific functions.\n *\n * By default, the owner account will be the one that deploys the contract. This\n * can later be changed with {transferOwnership}.\n *\n * This module is used through inheritance. It will make available the modifier\n * `onlyOwner`, which can be applied to your functions to restrict their use to\n * the owner.\n */\nabstract contract Ownable is Context {\n    address private _owner;\n\n    event OwnershipTransferred(address indexed previousOwner, address indexed newOwner);\n\n    /**\n     * @dev Initializes the contract setting the deployer as the initial owner.\n     */\n    constructor() {\n        _transferOwnership(_msgSender());\n    }\n\n    /**\n     * @dev Returns the address of the current owner.\n     */\n    function owner() public view virtual returns (address) {\n        return _owner;\n    }\n\n    /**\n     * @dev Throws if called by any account other than the owner.\n     */\n    modifier onlyOwner() {\n        require(owner() == _msgSender(), \"Ownable: caller is not the owner\");\n        _;\n    }\n\n    /**\n     * @dev Leaves the contract without owner. It will not be possible to call\n     * `onlyOwner` functions anymore. Can only be called by the current owner.\n     *\n     * NOTE: Renouncing ownership will leave the contract without an owner,\n     * thereby removing any functionality that is only available to the owner.\n     */\n    function renounceOwnership() public virtual onlyOwner {\n        _transferOwnership(address(0));\n    }\n\n    /**\n     * @dev Transfers ownership of the contract to a new account (`newOwner`).\n     * Can only be called by the current owner.\n     */\n    function transferOwnership(address newOwner) public virtual onlyOwner {\n        require(newOwner != address(0), \"Ownable: new owner is the zero address\");\n        _transferOwnership(newOwner);\n    }\n\n    /**\n     * @dev Transfers ownership of the contract to a new account (`newOwner`).\n     * Internal function without access restriction.\n     */\n    function _transferOwnership(address newOwner) internal virtual {\n        address oldOwner = _owner;\n        _owner = newOwner;\n        emit OwnershipTransferred(oldOwner, newOwner);\n    }\n}\n"
    },
    "@openzeppelin/contracts/security/Pausable.sol": {
      "content": "// SPDX-License-Identifier: MIT\n// OpenZeppelin Contracts v4.4.1 (security/Pausable.sol)\n\npragma solidity ^0.8.0;\n\nimport \"../utils/Context.sol\";\n\n/**\n * @dev Contract module which allows children to implement an emergency stop\n * mechanism that can be triggered by an authorized account.\n *\n * This module is used through inheritance. It will make available the\n * modifiers `whenNotPaused` and `whenPaused`, which can be applied to\n * the functions of your contract. Note that they will not be pausable by\n * simply including this module, only once the modifiers are put in place.\n */\nabstract contract Pausable is Context {\n    /**\n     * @dev Emitted when the pause is triggered by `account`.\n     */\n    event Paused(address account);\n\n    /**\n     * @dev Emitted when the pause is lifted by `account`.\n     */\n    event Unpaused(address account);\n\n    bool private _paused;\n\n    /**\n     * @dev Initializes the contract in unpaused state.\n     */\n    constructor() {\n        _paused = false;\n    }\n\n    /**\n     * @dev Returns true if the contract is paused, and false otherwise.\n     */\n    function paused() public view virtual returns (bool) {\n        return _paused;\n    }\n\n    /**\n     * @dev Modifier to make a function callable only when the contract is not paused.\n     *\n     * Requirements:\n     *\n     * - The contract must not be paused.\n     */\n    modifier whenNotPaused() {\n        require(!paused(), \"Pausable: paused\");\n        _;\n    }\n\n    /**\n     * @dev Modifier to make a function callable only when the contract is paused.\n     *\n     * Requirements:\n     *\n     * - The contract must be paused.\n     */\n    modifier whenPaused() {\n        require(paused(), \"Pausable: not paused\");\n        _;\n    }\n\n    /**\n     * @dev Triggers stopped state.\n     *\n     * Requirements:\n     *\n     * - The contract must not be paused.\n     */\n    function _pause() internal virtual whenNotPaused {\n        _paused = true;\n        emit Paused(_msgSender());\n    }\n\n    /**\n     * @dev Returns to normal state.\n     *\n     * Requirements:\n     *\n     * - The contract must be paused.\n     */\n    function _unpause() internal virtual whenPaused {\n        _paused = false;\n        emit Unpaused(_msgSender());\n    }\n}\n"
    },
    "@openzeppelin/contracts/token/ERC1155/extensions/ERC1155Supply.sol": {
      "content": "// SPDX-License-Identifier: MIT\n// OpenZeppelin Contracts (last updated v4.6.0) (token/ERC1155/extensions/ERC1155Supply.sol)\n\npragma solidity ^0.8.0;\n\nimport \"../ERC1155.sol\";\n\n/**\n * @dev Extension of ERC1155 that adds tracking of total supply per id.\n *\n * Useful for scenarios where Fungible and Non-fungible tokens have to be\n * clearly identified. Note: While a totalSupply of 1 might mean the\n * corresponding is an NFT, there is no guarantees that no other token with the\n * same id are not going to be minted.\n */\nabstract contract ERC1155Supply is ERC1155 {\n    mapping(uint256 => uint256) private _totalSupply;\n\n    /**\n     * @dev Total amount of tokens in with a given id.\n     */\n    function totalSupply(uint256 id) public view virtual returns (uint256) {\n        return _totalSupply[id];\n    }\n\n    /**\n     * @dev Indicates whether any token exist with a given id, or not.\n     */\n    function exists(uint256 id) public view virtual returns (bool) {\n        return ERC1155Supply.totalSupply(id) > 0;\n    }\n\n    /**\n     * @dev See {ERC1155-_beforeTokenTransfer}.\n     */\n    function _beforeTokenTransfer(\n        address operator,\n        address from,\n        address to,\n        uint256[] memory ids,\n        uint256[] memory amounts,\n        bytes memory data\n    ) internal virtual override {\n        super._beforeTokenTransfer(operator, from, to, ids, amounts, data);\n\n        if (from == address(0)) {\n            for (uint256 i = 0; i < ids.length; ++i) {\n                _totalSupply[ids[i]] += amounts[i];\n            }\n        }\n\n        if (to == address(0)) {\n            for (uint256 i = 0; i < ids.length; ++i) {\n                uint256 id = ids[i];\n                uint256 amount = amounts[i];\n                uint256 supply = _totalSupply[id];\n                require(supply >= amount, \"ERC1155: burn amount exceeds totalSupply\");\n                unchecked {\n                    _totalSupply[id] = supply - amount;\n                }\n            }\n        }\n    }\n}\n"
    },
    "@openzeppelin/contracts/token/ERC1155/extensions/ERC1155URIStorage.sol": {
      "content": "// SPDX-License-Identifier: MIT\n// OpenZeppelin Contracts (last updated v4.6.0) (token/ERC1155/extensions/ERC1155URIStorage.sol)\n\npragma solidity ^0.8.0;\n\nimport \"../../../utils/Strings.sol\";\nimport \"../ERC1155.sol\";\n\n/**\n * @dev ERC1155 token with storage based token URI management.\n * Inspired by the ERC721URIStorage extension\n *\n * _Available since v4.6._\n */\nabstract contract ERC1155URIStorage is ERC1155 {\n    using Strings for uint256;\n\n    // Optional base URI\n    string private _baseURI = \"\";\n\n    // Optional mapping for token URIs\n    mapping(uint256 => string) private _tokenURIs;\n\n    /**\n     * @dev See {IERC1155MetadataURI-uri}.\n     *\n     * This implementation returns the concatenation of the `_baseURI`\n     * and the token-specific uri if the latter is set\n     *\n     * This enables the following behaviors:\n     *\n     * - if `_tokenURIs[tokenId]` is set, then the result is the concatenation\n     *   of `_baseURI` and `_tokenURIs[tokenId]` (keep in mind that `_baseURI`\n     *   is empty per default);\n     *\n     * - if `_tokenURIs[tokenId]` is NOT set then we fallback to `super.uri()`\n     *   which in most cases will contain `ERC1155._uri`;\n     *\n     * - if `_tokenURIs[tokenId]` is NOT set, and if the parents do not have a\n     *   uri value set, then the result is empty.\n     */\n    function uri(uint256 tokenId) public view virtual override returns (string memory) {\n        string memory tokenURI = _tokenURIs[tokenId];\n\n        // If token URI is set, concatenate base URI and tokenURI (via abi.encodePacked).\n        return bytes(tokenURI).length > 0 ? string(abi.encodePacked(_baseURI, tokenURI)) : super.uri(tokenId);\n    }\n\n    /**\n     * @dev Sets `tokenURI` as the tokenURI of `tokenId`.\n     */\n    function _setURI(uint256 tokenId, string memory tokenURI) internal virtual {\n        _tokenURIs[tokenId] = tokenURI;\n        emit URI(uri(tokenId), tokenId);\n    }\n\n    /**\n     * @dev Sets `baseURI` as the `_baseURI` for all tokens\n     */\n    function _setBaseURI(string memory baseURI) internal virtual {\n        _baseURI = baseURI;\n    }\n}\n"
    },
    "@openzeppelin/contracts/token/ERC721/IERC721.sol": {
      "content": "// SPDX-License-Identifier: MIT\n// OpenZeppelin Contracts (last updated v4.6.0) (token/ERC721/IERC721.sol)\n\npragma solidity ^0.8.0;\n\nimport \"../../utils/introspection/IERC165.sol\";\n\n/**\n * @dev Required interface of an ERC721 compliant contract.\n */\ninterface IERC721 is IERC165 {\n    /**\n     * @dev Emitted when `tokenId` token is transferred from `from` to `to`.\n     */\n    event Transfer(address indexed from, address indexed to, uint256 indexed tokenId);\n\n    /**\n     * @dev Emitted when `owner` enables `approved` to manage the `tokenId` token.\n     */\n    event Approval(address indexed owner, address indexed approved, uint256 indexed tokenId);\n\n    /**\n     * @dev Emitted when `owner` enables or disables (`approved`) `operator` to manage all of its assets.\n     */\n    event ApprovalForAll(address indexed owner, address indexed operator, bool approved);\n\n    /**\n     * @dev Returns the number of tokens in ``owner``'s account.\n     */\n    function balanceOf(address owner) external view returns (uint256 balance);\n\n    /**\n     * @dev Returns the owner of the `tokenId` token.\n     *\n     * Requirements:\n     *\n     * - `tokenId` must exist.\n     */\n    function ownerOf(uint256 tokenId) external view returns (address owner);\n\n    /**\n     * @dev Safely transfers `tokenId` token from `from` to `to`.\n     *\n     * Requirements:\n     *\n     * - `from` cannot be the zero address.\n     * - `to` cannot be the zero address.\n     * - `tokenId` token must exist and be owned by `from`.\n     * - If the caller is not `from`, it must be approved to move this token by either {approve} or {setApprovalForAll}.\n     * - If `to` refers to a smart contract, it must implement {IERC721Receiver-onERC721Received}, which is called upon a safe transfer.\n     *\n     * Emits a {Transfer} event.\n     */\n    function safeTransferFrom(\n        address from,\n        address to,\n        uint256 tokenId,\n        bytes calldata data\n    ) external;\n\n    /**\n     * @dev Safely transfers `tokenId` token from `from` to `to`, checking first that contract recipients\n     * are aware of the ERC721 protocol to prevent tokens from being forever locked.\n     *\n     * Requirements:\n     *\n     * - `from` cannot be the zero address.\n     * - `to` cannot be the zero address.\n     * - `tokenId` token must exist and be owned by `from`.\n     * - If the caller is not `from`, it must be have been allowed to move this token by either {approve} or {setApprovalForAll}.\n     * - If `to` refers to a smart contract, it must implement {IERC721Receiver-onERC721Received}, which is called upon a safe transfer.\n     *\n     * Emits a {Transfer} event.\n     */\n    function safeTransferFrom(\n        address from,\n        address to,\n        uint256 tokenId\n    ) external;\n\n    /**\n     * @dev Transfers `tokenId` token from `from` to `to`.\n     *\n     * WARNING: Usage of this method is discouraged, use {safeTransferFrom} whenever possible.\n     *\n     * Requirements:\n     *\n     * - `from` cannot be the zero address.\n     * - `to` cannot be the zero address.\n     * - `tokenId` token must be owned by `from`.\n     * - If the caller is not `from`, it must be approved to move this token by either {approve} or {setApprovalForAll}.\n     *\n     * Emits a {Transfer} event.\n     */\n    function transferFrom(\n        address from,\n        address to,\n        uint256 tokenId\n    ) external;\n\n    /**\n     * @dev Gives permission to `to` to transfer `tokenId` token to another account.\n     * The approval is cleared when the token is transferred.\n     *\n     * Only a single account can be approved at a time, so approving the zero address clears previous approvals.\n     *\n     * Requirements:\n     *\n     * - The caller must own the token or be an approved operator.\n     * - `tokenId` must exist.\n     *\n     * Emits an {Approval} event.\n     */\n    function approve(address to, uint256 tokenId) external;\n\n    /**\n     * @dev Approve or remove `operator` as an operator for the caller.\n     * Operators can call {transferFrom} or {safeTransferFrom} for any token owned by the caller.\n     *\n     * Requirements:\n     *\n     * - The `operator` cannot be the caller.\n     *\n     * Emits an {ApprovalForAll} event.\n     */\n    function setApprovalForAll(address operator, bool _approved) external;\n\n    /**\n     * @dev Returns the account approved for `tokenId` token.\n     *\n     * Requirements:\n     *\n     * - `tokenId` must exist.\n     */\n    function getApproved(uint256 tokenId) external view returns (address operator);\n\n    /**\n     * @dev Returns if the `operator` is allowed to manage all of the assets of `owner`.\n     *\n     * See {setApprovalForAll}\n     */\n    function isApprovedForAll(address owner, address operator) external view returns (bool);\n}\n"
    },
    "@openzeppelin/contracts/utils/Context.sol": {
      "content": "// SPDX-License-Identifier: MIT\n// OpenZeppelin Contracts v4.4.1 (utils/Context.sol)\n\npragma solidity ^0.8.0;\n\n/**\n * @dev Provides information about the current execution context, including the\n * sender of the transaction and its data. While these are generally available\n * via msg.sender and msg.data, they should not be accessed in such a direct\n * manner, since when dealing with meta-transactions the account sending and\n * paying for execution may not be the actual sender (as far as an application\n * is concerned).\n *\n * This contract is only required for intermediate, library-like contracts.\n */\nabstract contract Context {\n    function _msgSender() internal view virtual returns (address) {\n        return msg.sender;\n    }\n\n    function _msgData() internal view virtual returns (bytes calldata) {\n        return msg.data;\n    }\n}\n"
    },
    "@openzeppelin/contracts/token/ERC1155/ERC1155.sol": {
      "content": "// SPDX-License-Identifier: MIT\n// OpenZeppelin Contracts (last updated v4.6.0) (token/ERC1155/ERC1155.sol)\n\npragma solidity ^0.8.0;\n\nimport \"./IERC1155.sol\";\nimport \"./IERC1155Receiver.sol\";\nimport \"./extensions/IERC1155MetadataURI.sol\";\nimport \"../../utils/Address.sol\";\nimport \"../../utils/Context.sol\";\nimport \"../../utils/introspection/ERC165.sol\";\n\n/**\n * @dev Implementation of the basic standard multi-token.\n * See https://eips.ethereum.org/EIPS/eip-1155\n * Originally based on code by Enjin: https://github.com/enjin/erc-1155\n *\n * _Available since v3.1._\n */\ncontract ERC1155 is Context, ERC165, IERC1155, IERC1155MetadataURI {\n    using Address for address;\n\n    // Mapping from token ID to account balances\n    mapping(uint256 => mapping(address => uint256)) private _balances;\n\n    // Mapping from account to operator approvals\n    mapping(address => mapping(address => bool)) private _operatorApprovals;\n\n    // Used as the URI for all token types by relying on ID substitution, e.g. https://token-cdn-domain/{id}.json\n    string private _uri;\n\n    /**\n     * @dev See {_setURI}.\n     */\n    constructor(string memory uri_) {\n        _setURI(uri_);\n    }\n\n    /**\n     * @dev See {IERC165-supportsInterface}.\n     */\n    function supportsInterface(bytes4 interfaceId) public view virtual override(ERC165, IERC165) returns (bool) {\n        return\n            interfaceId == type(IERC1155).interfaceId ||\n            interfaceId == type(IERC1155MetadataURI).interfaceId ||\n            super.supportsInterface(interfaceId);\n    }\n\n    /**\n     * @dev See {IERC1155MetadataURI-uri}.\n     *\n     * This implementation returns the same URI for *all* token types. It relies\n     * on the token type ID substitution mechanism\n     * https://eips.ethereum.org/EIPS/eip-1155#metadata[defined in the EIP].\n     *\n     * Clients calling this function must replace the `\\{id\\}` substring with the\n     * actual token type ID.\n     */\n    function uri(uint256) public view virtual override returns (string memory) {\n        return _uri;\n    }\n\n    /**\n     * @dev See {IERC1155-balanceOf}.\n     *\n     * Requirements:\n     *\n     * - `account` cannot be the zero address.\n     */\n    function balanceOf(address account, uint256 id) public view virtual override returns (uint256) {\n        require(account != address(0), \"ERC1155: balance query for the zero address\");\n        return _balances[id][account];\n    }\n\n    /**\n     * @dev See {IERC1155-balanceOfBatch}.\n     *\n     * Requirements:\n     *\n     * - `accounts` and `ids` must have the same length.\n     */\n    function balanceOfBatch(address[] memory accounts, uint256[] memory ids)\n        public\n        view\n        virtual\n        override\n        returns (uint256[] memory)\n    {\n        require(accounts.length == ids.length, \"ERC1155: accounts and ids length mismatch\");\n\n        uint256[] memory batchBalances = new uint256[](accounts.length);\n\n        for (uint256 i = 0; i < accounts.length; ++i) {\n            batchBalances[i] = balanceOf(accounts[i], ids[i]);\n        }\n\n        return batchBalances;\n    }\n\n    /**\n     * @dev See {IERC1155-setApprovalForAll}.\n     */\n    function setApprovalForAll(address operator, bool approved) public virtual override {\n        _setApprovalForAll(_msgSender(), operator, approved);\n    }\n\n    /**\n     * @dev See {IERC1155-isApprovedForAll}.\n     */\n    function isApprovedForAll(address account, address operator) public view virtual override returns (bool) {\n        return _operatorApprovals[account][operator];\n    }\n\n    /**\n     * @dev See {IERC1155-safeTransferFrom}.\n     */\n    function safeTransferFrom(\n        address from,\n        address to,\n        uint256 id,\n        uint256 amount,\n        bytes memory data\n    ) public virtual override {\n        require(\n            from == _msgSender() || isApprovedForAll(from, _msgSender()),\n            \"ERC1155: caller is not owner nor approved\"\n        );\n        _safeTransferFrom(from, to, id, amount, data);\n    }\n\n    /**\n     * @dev See {IERC1155-safeBatchTransferFrom}.\n     */\n    function safeBatchTransferFrom(\n        address from,\n        address to,\n        uint256[] memory ids,\n        uint256[] memory amounts,\n        bytes memory data\n    ) public virtual override {\n        require(\n            from == _msgSender() || isApprovedForAll(from, _msgSender()),\n            \"ERC1155: transfer caller is not owner nor approved\"\n        );\n        _safeBatchTransferFrom(from, to, ids, amounts, data);\n    }\n\n    /**\n     * @dev Transfers `amount` tokens of token type `id` from `from` to `to`.\n     *\n     * Emits a {TransferSingle} event.\n     *\n     * Requirements:\n     *\n     * - `to` cannot be the zero address.\n     * - `from` must have a balance of tokens of type `id` of at least `amount`.\n     * - If `to` refers to a smart contract, it must implement {IERC1155Receiver-onERC1155Received} and return the\n     * acceptance magic value.\n     */\n    function _safeTransferFrom(\n        address from,\n        address to,\n        uint256 id,\n        uint256 amount,\n        bytes memory data\n    ) internal virtual {\n        require(to != address(0), \"ERC1155: transfer to the zero address\");\n\n        address operator = _msgSender();\n        uint256[] memory ids = _asSingletonArray(id);\n        uint256[] memory amounts = _asSingletonArray(amount);\n\n        _beforeTokenTransfer(operator, from, to, ids, amounts, data);\n\n        uint256 fromBalance = _balances[id][from];\n        require(fromBalance >= amount, \"ERC1155: insufficient balance for transfer\");\n        unchecked {\n            _balances[id][from] = fromBalance - amount;\n        }\n        _balances[id][to] += amount;\n\n        emit TransferSingle(operator, from, to, id, amount);\n\n        _afterTokenTransfer(operator, from, to, ids, amounts, data);\n\n        _doSafeTransferAcceptanceCheck(operator, from, to, id, amount, data);\n    }\n\n    /**\n     * @dev xref:ROOT:erc1155.adoc#batch-operations[Batched] version of {_safeTransferFrom}.\n     *\n     * Emits a {TransferBatch} event.\n     *\n     * Requirements:\n     *\n     * - If `to` refers to a smart contract, it must implement {IERC1155Receiver-onERC1155BatchReceived} and return the\n     * acceptance magic value.\n     */\n    function _safeBatchTransferFrom(\n        address from,\n        address to,\n        uint256[] memory ids,\n        uint256[] memory amounts,\n        bytes memory data\n    ) internal virtual {\n        require(ids.length == amounts.length, \"ERC1155: ids and amounts length mismatch\");\n        require(to != address(0), \"ERC1155: transfer to the zero address\");\n\n        address operator = _msgSender();\n\n        _beforeTokenTransfer(operator, from, to, ids, amounts, data);\n\n        for (uint256 i = 0; i < ids.length; ++i) {\n            uint256 id = ids[i];\n            uint256 amount = amounts[i];\n\n            uint256 fromBalance = _balances[id][from];\n            require(fromBalance >= amount, \"ERC1155: insufficient balance for transfer\");\n            unchecked {\n                _balances[id][from] = fromBalance - amount;\n            }\n            _balances[id][to] += amount;\n        }\n\n        emit TransferBatch(operator, from, to, ids, amounts);\n\n        _afterTokenTransfer(operator, from, to, ids, amounts, data);\n\n        _doSafeBatchTransferAcceptanceCheck(operator, from, to, ids, amounts, data);\n    }\n\n    /**\n     * @dev Sets a new URI for all token types, by relying on the token type ID\n     * substitution mechanism\n     * https://eips.ethereum.org/EIPS/eip-1155#metadata[defined in the EIP].\n     *\n     * By this mechanism, any occurrence of the `\\{id\\}` substring in either the\n     * URI or any of the amounts in the JSON file at said URI will be replaced by\n     * clients with the token type ID.\n     *\n     * For example, the `https://token-cdn-domain/\\{id\\}.json` URI would be\n     * interpreted by clients as\n     * `https://token-cdn-domain/000000000000000000000000000000000000000000000000000000000004cce0.json`\n     * for token type ID 0x4cce0.\n     *\n     * See {uri}.\n     *\n     * Because these URIs cannot be meaningfully represented by the {URI} event,\n     * this function emits no events.\n     */\n    function _setURI(string memory newuri) internal virtual {\n        _uri = newuri;\n    }\n\n    /**\n     * @dev Creates `amount` tokens of token type `id`, and assigns them to `to`.\n     *\n     * Emits a {TransferSingle} event.\n     *\n     * Requirements:\n     *\n     * - `to` cannot be the zero address.\n     * - If `to` refers to a smart contract, it must implement {IERC1155Receiver-onERC1155Received} and return the\n     * acceptance magic value.\n     */\n    function _mint(\n        address to,\n        uint256 id,\n        uint256 amount,\n        bytes memory data\n    ) internal virtual {\n        require(to != address(0), \"ERC1155: mint to the zero address\");\n\n        address operator = _msgSender();\n        uint256[] memory ids = _asSingletonArray(id);\n        uint256[] memory amounts = _asSingletonArray(amount);\n\n        _beforeTokenTransfer(operator, address(0), to, ids, amounts, data);\n\n        _balances[id][to] += amount;\n        emit TransferSingle(operator, address(0), to, id, amount);\n\n        _afterTokenTransfer(operator, address(0), to, ids, amounts, data);\n\n        _doSafeTransferAcceptanceCheck(operator, address(0), to, id, amount, data);\n    }\n\n    /**\n     * @dev xref:ROOT:erc1155.adoc#batch-operations[Batched] version of {_mint}.\n     *\n     * Requirements:\n     *\n     * - `ids` and `amounts` must have the same length.\n     * - If `to` refers to a smart contract, it must implement {IERC1155Receiver-onERC1155BatchReceived} and return the\n     * acceptance magic value.\n     */\n    function _mintBatch(\n        address to,\n        uint256[] memory ids,\n        uint256[] memory amounts,\n        bytes memory data\n    ) internal virtual {\n        require(to != address(0), \"ERC1155: mint to the zero address\");\n        require(ids.length == amounts.length, \"ERC1155: ids and amounts length mismatch\");\n\n        address operator = _msgSender();\n\n        _beforeTokenTransfer(operator, address(0), to, ids, amounts, data);\n\n        for (uint256 i = 0; i < ids.length; i++) {\n            _balances[ids[i]][to] += amounts[i];\n        }\n\n        emit TransferBatch(operator, address(0), to, ids, amounts);\n\n        _afterTokenTransfer(operator, address(0), to, ids, amounts, data);\n\n        _doSafeBatchTransferAcceptanceCheck(operator, address(0), to, ids, amounts, data);\n    }\n\n    /**\n     * @dev Destroys `amount` tokens of token type `id` from `from`\n     *\n     * Requirements:\n     *\n     * - `from` cannot be the zero address.\n     * - `from` must have at least `amount` tokens of token type `id`.\n     */\n    function _burn(\n        address from,\n        uint256 id,\n        uint256 amount\n    ) internal virtual {\n        require(from != address(0), \"ERC1155: burn from the zero address\");\n\n        address operator = _msgSender();\n        uint256[] memory ids = _asSingletonArray(id);\n        uint256[] memory amounts = _asSingletonArray(amount);\n\n        _beforeTokenTransfer(operator, from, address(0), ids, amounts, \"\");\n\n        uint256 fromBalance = _balances[id][from];\n        require(fromBalance >= amount, \"ERC1155: burn amount exceeds balance\");\n        unchecked {\n            _balances[id][from] = fromBalance - amount;\n        }\n\n        emit TransferSingle(operator, from, address(0), id, amount);\n\n        _afterTokenTransfer(operator, from, address(0), ids, amounts, \"\");\n    }\n\n    /**\n     * @dev xref:ROOT:erc1155.adoc#batch-operations[Batched] version of {_burn}.\n     *\n     * Requirements:\n     *\n     * - `ids` and `amounts` must have the same length.\n     */\n    function _burnBatch(\n        address from,\n        uint256[] memory ids,\n        uint256[] memory amounts\n    ) internal virtual {\n        require(from != address(0), \"ERC1155: burn from the zero address\");\n        require(ids.length == amounts.length, \"ERC1155: ids and amounts length mismatch\");\n\n        address operator = _msgSender();\n\n        _beforeTokenTransfer(operator, from, address(0), ids, amounts, \"\");\n\n        for (uint256 i = 0; i < ids.length; i++) {\n            uint256 id = ids[i];\n            uint256 amount = amounts[i];\n\n            uint256 fromBalance = _balances[id][from];\n            require(fromBalance >= amount, \"ERC1155: burn amount exceeds balance\");\n            unchecked {\n                _balances[id][from] = fromBalance - amount;\n            }\n        }\n\n        emit TransferBatch(operator, from, address(0), ids, amounts);\n\n        _afterTokenTransfer(operator, from, address(0), ids, amounts, \"\");\n    }\n\n    /**\n     * @dev Approve `operator` to operate on all of `owner` tokens\n     *\n     * Emits a {ApprovalForAll} event.\n     */\n    function _setApprovalForAll(\n        address owner,\n        address operator,\n        bool approved\n    ) internal virtual {\n        require(owner != operator, \"ERC1155: setting approval status for self\");\n        _operatorApprovals[owner][operator] = approved;\n        emit ApprovalForAll(owner, operator, approved);\n    }\n\n    /**\n     * @dev Hook that is called before any token transfer. This includes minting\n     * and burning, as well as batched variants.\n     *\n     * The same hook is called on both single and batched variants. For single\n     * transfers, the length of the `id` and `amount` arrays will be 1.\n     *\n     * Calling conditions (for each `id` and `amount` pair):\n     *\n     * - When `from` and `to` are both non-zero, `amount` of ``from``'s tokens\n     * of token type `id` will be  transferred to `to`.\n     * - When `from` is zero, `amount` tokens of token type `id` will be minted\n     * for `to`.\n     * - when `to` is zero, `amount` of ``from``'s tokens of token type `id`\n     * will be burned.\n     * - `from` and `to` are never both zero.\n     * - `ids` and `amounts` have the same, non-zero length.\n     *\n     * To learn more about hooks, head to xref:ROOT:extending-contracts.adoc#using-hooks[Using Hooks].\n     */\n    function _beforeTokenTransfer(\n        address operator,\n        address from,\n        address to,\n        uint256[] memory ids,\n        uint256[] memory amounts,\n        bytes memory data\n    ) internal virtual {}\n\n    /**\n     * @dev Hook that is called after any token transfer. This includes minting\n     * and burning, as well as batched variants.\n     *\n     * The same hook is called on both single and batched variants. For single\n     * transfers, the length of the `id` and `amount` arrays will be 1.\n     *\n     * Calling conditions (for each `id` and `amount` pair):\n     *\n     * - When `from` and `to` are both non-zero, `amount` of ``from``'s tokens\n     * of token type `id` will be  transferred to `to`.\n     * - When `from` is zero, `amount` tokens of token type `id` will be minted\n     * for `to`.\n     * - when `to` is zero, `amount` of ``from``'s tokens of token type `id`\n     * will be burned.\n     * - `from` and `to` are never both zero.\n     * - `ids` and `amounts` have the same, non-zero length.\n     *\n     * To learn more about hooks, head to xref:ROOT:extending-contracts.adoc#using-hooks[Using Hooks].\n     */\n    function _afterTokenTransfer(\n        address operator,\n        address from,\n        address to,\n        uint256[] memory ids,\n        uint256[] memory amounts,\n        bytes memory data\n    ) internal virtual {}\n\n    function _doSafeTransferAcceptanceCheck(\n        address operator,\n        address from,\n        address to,\n        uint256 id,\n        uint256 amount,\n        bytes memory data\n    ) private {\n        if (to.isContract()) {\n            try IERC1155Receiver(to).onERC1155Received(operator, from, id, amount, data) returns (bytes4 response) {\n                if (response != IERC1155Receiver.onERC1155Received.selector) {\n                    revert(\"ERC1155: ERC1155Receiver rejected tokens\");\n                }\n            } catch Error(string memory reason) {\n                revert(reason);\n            } catch {\n                revert(\"ERC1155: transfer to non ERC1155Receiver implementer\");\n            }\n        }\n    }\n\n    function _doSafeBatchTransferAcceptanceCheck(\n        address operator,\n        address from,\n        address to,\n        uint256[] memory ids,\n        uint256[] memory amounts,\n        bytes memory data\n    ) private {\n        if (to.isContract()) {\n            try IERC1155Receiver(to).onERC1155BatchReceived(operator, from, ids, amounts, data) returns (\n                bytes4 response\n            ) {\n                if (response != IERC1155Receiver.onERC1155BatchReceived.selector) {\n                    revert(\"ERC1155: ERC1155Receiver rejected tokens\");\n                }\n            } catch Error(string memory reason) {\n                revert(reason);\n            } catch {\n                revert(\"ERC1155: transfer to non ERC1155Receiver implementer\");\n            }\n        }\n    }\n\n    function _asSingletonArray(uint256 element) private pure returns (uint256[] memory) {\n        uint256[] memory array = new uint256[](1);\n        array[0] = element;\n\n        return array;\n    }\n}\n"
    },
    "@openzeppelin/contracts/token/ERC1155/IERC1155.sol": {
      "content": "// SPDX-License-Identifier: MIT\n// OpenZeppelin Contracts v4.4.1 (token/ERC1155/IERC1155.sol)\n\npragma solidity ^0.8.0;\n\nimport \"../../utils/introspection/IERC165.sol\";\n\n/**\n * @dev Required interface of an ERC1155 compliant contract, as defined in the\n * https://eips.ethereum.org/EIPS/eip-1155[EIP].\n *\n * _Available since v3.1._\n */\ninterface IERC1155 is IERC165 {\n    /**\n     * @dev Emitted when `value` tokens of token type `id` are transferred from `from` to `to` by `operator`.\n     */\n    event TransferSingle(address indexed operator, address indexed from, address indexed to, uint256 id, uint256 value);\n\n    /**\n     * @dev Equivalent to multiple {TransferSingle} events, where `operator`, `from` and `to` are the same for all\n     * transfers.\n     */\n    event TransferBatch(\n        address indexed operator,\n        address indexed from,\n        address indexed to,\n        uint256[] ids,\n        uint256[] values\n    );\n\n    /**\n     * @dev Emitted when `account` grants or revokes permission to `operator` to transfer their tokens, according to\n     * `approved`.\n     */\n    event ApprovalForAll(address indexed account, address indexed operator, bool approved);\n\n    /**\n     * @dev Emitted when the URI for token type `id` changes to `value`, if it is a non-programmatic URI.\n     *\n     * If an {URI} event was emitted for `id`, the standard\n     * https://eips.ethereum.org/EIPS/eip-1155#metadata-extensions[guarantees] that `value` will equal the value\n     * returned by {IERC1155MetadataURI-uri}.\n     */\n    event URI(string value, uint256 indexed id);\n\n    /**\n     * @dev Returns the amount of tokens of token type `id` owned by `account`.\n     *\n     * Requirements:\n     *\n     * - `account` cannot be the zero address.\n     */\n    function balanceOf(address account, uint256 id) external view returns (uint256);\n\n    /**\n     * @dev xref:ROOT:erc1155.adoc#batch-operations[Batched] version of {balanceOf}.\n     *\n     * Requirements:\n     *\n     * - `accounts` and `ids` must have the same length.\n     */\n    function balanceOfBatch(address[] calldata accounts, uint256[] calldata ids)\n        external\n        view\n        returns (uint256[] memory);\n\n    /**\n     * @dev Grants or revokes permission to `operator` to transfer the caller's tokens, according to `approved`,\n     *\n     * Emits an {ApprovalForAll} event.\n     *\n     * Requirements:\n     *\n     * - `operator` cannot be the caller.\n     */\n    function setApprovalForAll(address operator, bool approved) external;\n\n    /**\n     * @dev Returns true if `operator` is approved to transfer ``account``'s tokens.\n     *\n     * See {setApprovalForAll}.\n     */\n    function isApprovedForAll(address account, address operator) external view returns (bool);\n\n    /**\n     * @dev Transfers `amount` tokens of token type `id` from `from` to `to`.\n     *\n     * Emits a {TransferSingle} event.\n     *\n     * Requirements:\n     *\n     * - `to` cannot be the zero address.\n     * - If the caller is not `from`, it must be have been approved to spend ``from``'s tokens via {setApprovalForAll}.\n     * - `from` must have a balance of tokens of type `id` of at least `amount`.\n     * - If `to` refers to a smart contract, it must implement {IERC1155Receiver-onERC1155Received} and return the\n     * acceptance magic value.\n     */\n    function safeTransferFrom(\n        address from,\n        address to,\n        uint256 id,\n        uint256 amount,\n        bytes calldata data\n    ) external;\n\n    /**\n     * @dev xref:ROOT:erc1155.adoc#batch-operations[Batched] version of {safeTransferFrom}.\n     *\n     * Emits a {TransferBatch} event.\n     *\n     * Requirements:\n     *\n     * - `ids` and `amounts` must have the same length.\n     * - If `to` refers to a smart contract, it must implement {IERC1155Receiver-onERC1155BatchReceived} and return the\n     * acceptance magic value.\n     */\n    function safeBatchTransferFrom(\n        address from,\n        address to,\n        uint256[] calldata ids,\n        uint256[] calldata amounts,\n        bytes calldata data\n    ) external;\n}\n"
    },
    "@openzeppelin/contracts/token/ERC1155/IERC1155Receiver.sol": {
      "content": "// SPDX-License-Identifier: MIT\n// OpenZeppelin Contracts (last updated v4.5.0) (token/ERC1155/IERC1155Receiver.sol)\n\npragma solidity ^0.8.0;\n\nimport \"../../utils/introspection/IERC165.sol\";\n\n/**\n * @dev _Available since v3.1._\n */\ninterface IERC1155Receiver is IERC165 {\n    /**\n     * @dev Handles the receipt of a single ERC1155 token type. This function is\n     * called at the end of a `safeTransferFrom` after the balance has been updated.\n     *\n     * NOTE: To accept the transfer, this must return\n     * `bytes4(keccak256(\"onERC1155Received(address,address,uint256,uint256,bytes)\"))`\n     * (i.e. 0xf23a6e61, or its own function selector).\n     *\n     * @param operator The address which initiated the transfer (i.e. msg.sender)\n     * @param from The address which previously owned the token\n     * @param id The ID of the token being transferred\n     * @param value The amount of tokens being transferred\n     * @param data Additional data with no specified format\n     * @return `bytes4(keccak256(\"onERC1155Received(address,address,uint256,uint256,bytes)\"))` if transfer is allowed\n     */\n    function onERC1155Received(\n        address operator,\n        address from,\n        uint256 id,\n        uint256 value,\n        bytes calldata data\n    ) external returns (bytes4);\n\n    /**\n     * @dev Handles the receipt of a multiple ERC1155 token types. This function\n     * is called at the end of a `safeBatchTransferFrom` after the balances have\n     * been updated.\n     *\n     * NOTE: To accept the transfer(s), this must return\n     * `bytes4(keccak256(\"onERC1155BatchReceived(address,address,uint256[],uint256[],bytes)\"))`\n     * (i.e. 0xbc197c81, or its own function selector).\n     *\n     * @param operator The address which initiated the batch transfer (i.e. msg.sender)\n     * @param from The address which previously owned the token\n     * @param ids An array containing ids of each token being transferred (order and length must match values array)\n     * @param values An array containing amounts of each token being transferred (order and length must match ids array)\n     * @param data Additional data with no specified format\n     * @return `bytes4(keccak256(\"onERC1155BatchReceived(address,address,uint256[],uint256[],bytes)\"))` if transfer is allowed\n     */\n    function onERC1155BatchReceived(\n        address operator,\n        address from,\n        uint256[] calldata ids,\n        uint256[] calldata values,\n        bytes calldata data\n    ) external returns (bytes4);\n}\n"
    },
    "@openzeppelin/contracts/token/ERC1155/extensions/IERC1155MetadataURI.sol": {
      "content": "// SPDX-License-Identifier: MIT\n// OpenZeppelin Contracts v4.4.1 (token/ERC1155/extensions/IERC1155MetadataURI.sol)\n\npragma solidity ^0.8.0;\n\nimport \"../IERC1155.sol\";\n\n/**\n * @dev Interface of the optional ERC1155MetadataExtension interface, as defined\n * in the https://eips.ethereum.org/EIPS/eip-1155#metadata-extensions[EIP].\n *\n * _Available since v3.1._\n */\ninterface IERC1155MetadataURI is IERC1155 {\n    /**\n     * @dev Returns the URI for token type `id`.\n     *\n     * If the `\\{id\\}` substring is present in the URI, it must be replaced by\n     * clients with the actual token type ID.\n     */\n    function uri(uint256 id) external view returns (string memory);\n}\n"
    },
    "@openzeppelin/contracts/utils/Address.sol": {
      "content": "// SPDX-License-Identifier: MIT\n// OpenZeppelin Contracts (last updated v4.5.0) (utils/Address.sol)\n\npragma solidity ^0.8.1;\n\n/**\n * @dev Collection of functions related to the address type\n */\nlibrary Address {\n    /**\n     * @dev Returns true if `account` is a contract.\n     *\n     * [IMPORTANT]\n     * ====\n     * It is unsafe to assume that an address for which this function returns\n     * false is an externally-owned account (EOA) and not a contract.\n     *\n     * Among others, `isContract` will return false for the following\n     * types of addresses:\n     *\n     *  - an externally-owned account\n     *  - a contract in construction\n     *  - an address where a contract will be created\n     *  - an address where a contract lived, but was destroyed\n     * ====\n     *\n     * [IMPORTANT]\n     * ====\n     * You shouldn't rely on `isContract` to protect against flash loan attacks!\n     *\n     * Preventing calls from contracts is highly discouraged. It breaks composability, breaks support for smart wallets\n     * like Gnosis Safe, and does not provide security since it can be circumvented by calling from a contract\n     * constructor.\n     * ====\n     */\n    function isContract(address account) internal view returns (bool) {\n        // This method relies on extcodesize/address.code.length, which returns 0\n        // for contracts in construction, since the code is only stored at the end\n        // of the constructor execution.\n\n        return account.code.length > 0;\n    }\n\n    /**\n     * @dev Replacement for Solidity's `transfer`: sends `amount` wei to\n     * `recipient`, forwarding all available gas and reverting on errors.\n     *\n     * https://eips.ethereum.org/EIPS/eip-1884[EIP1884] increases the gas cost\n     * of certain opcodes, possibly making contracts go over the 2300 gas limit\n     * imposed by `transfer`, making them unable to receive funds via\n     * `transfer`. {sendValue} removes this limitation.\n     *\n     * https://diligence.consensys.net/posts/2019/09/stop-using-soliditys-transfer-now/[Learn more].\n     *\n     * IMPORTANT: because control is transferred to `recipient`, care must be\n     * taken to not create reentrancy vulnerabilities. Consider using\n     * {ReentrancyGuard} or the\n     * https://solidity.readthedocs.io/en/v0.5.11/security-considerations.html#use-the-checks-effects-interactions-pattern[checks-effects-interactions pattern].\n     */\n    function sendValue(address payable recipient, uint256 amount) internal {\n        require(address(this).balance >= amount, \"Address: insufficient balance\");\n\n        (bool success, ) = recipient.call{value: amount}(\"\");\n        require(success, \"Address: unable to send value, recipient may have reverted\");\n    }\n\n    /**\n     * @dev Performs a Solidity function call using a low level `call`. A\n     * plain `call` is an unsafe replacement for a function call: use this\n     * function instead.\n     *\n     * If `target` reverts with a revert reason, it is bubbled up by this\n     * function (like regular Solidity function calls).\n     *\n     * Returns the raw returned data. To convert to the expected return value,\n     * use https://solidity.readthedocs.io/en/latest/units-and-global-variables.html?highlight=abi.decode#abi-encoding-and-decoding-functions[`abi.decode`].\n     *\n     * Requirements:\n     *\n     * - `target` must be a contract.\n     * - calling `target` with `data` must not revert.\n     *\n     * _Available since v3.1._\n     */\n    function functionCall(address target, bytes memory data) internal returns (bytes memory) {\n        return functionCall(target, data, \"Address: low-level call failed\");\n    }\n\n    /**\n     * @dev Same as {xref-Address-functionCall-address-bytes-}[`functionCall`], but with\n     * `errorMessage` as a fallback revert reason when `target` reverts.\n     *\n     * _Available since v3.1._\n     */\n    function functionCall(\n        address target,\n        bytes memory data,\n        string memory errorMessage\n    ) internal returns (bytes memory) {\n        return functionCallWithValue(target, data, 0, errorMessage);\n    }\n\n    /**\n     * @dev Same as {xref-Address-functionCall-address-bytes-}[`functionCall`],\n     * but also transferring `value` wei to `target`.\n     *\n     * Requirements:\n     *\n     * - the calling contract must have an ETH balance of at least `value`.\n     * - the called Solidity function must be `payable`.\n     *\n     * _Available since v3.1._\n     */\n    function functionCallWithValue(\n        address target,\n        bytes memory data,\n        uint256 value\n    ) internal returns (bytes memory) {\n        return functionCallWithValue(target, data, value, \"Address: low-level call with value failed\");\n    }\n\n    /**\n     * @dev Same as {xref-Address-functionCallWithValue-address-bytes-uint256-}[`functionCallWithValue`], but\n     * with `errorMessage` as a fallback revert reason when `target` reverts.\n     *\n     * _Available since v3.1._\n     */\n    function functionCallWithValue(\n        address target,\n        bytes memory data,\n        uint256 value,\n        string memory errorMessage\n    ) internal returns (bytes memory) {\n        require(address(this).balance >= value, \"Address: insufficient balance for call\");\n        require(isContract(target), \"Address: call to non-contract\");\n\n        (bool success, bytes memory returndata) = target.call{value: value}(data);\n        return verifyCallResult(success, returndata, errorMessage);\n    }\n\n    /**\n     * @dev Same as {xref-Address-functionCall-address-bytes-}[`functionCall`],\n     * but performing a static call.\n     *\n     * _Available since v3.3._\n     */\n    function functionStaticCall(address target, bytes memory data) internal view returns (bytes memory) {\n        return functionStaticCall(target, data, \"Address: low-level static call failed\");\n    }\n\n    /**\n     * @dev Same as {xref-Address-functionCall-address-bytes-string-}[`functionCall`],\n     * but performing a static call.\n     *\n     * _Available since v3.3._\n     */\n    function functionStaticCall(\n        address target,\n        bytes memory data,\n        string memory errorMessage\n    ) internal view returns (bytes memory) {\n        require(isContract(target), \"Address: static call to non-contract\");\n\n        (bool success, bytes memory returndata) = target.staticcall(data);\n        return verifyCallResult(success, returndata, errorMessage);\n    }\n\n    /**\n     * @dev Same as {xref-Address-functionCall-address-bytes-}[`functionCall`],\n     * but performing a delegate call.\n     *\n     * _Available since v3.4._\n     */\n    function functionDelegateCall(address target, bytes memory data) internal returns (bytes memory) {\n        return functionDelegateCall(target, data, \"Address: low-level delegate call failed\");\n    }\n\n    /**\n     * @dev Same as {xref-Address-functionCall-address-bytes-string-}[`functionCall`],\n     * but performing a delegate call.\n     *\n     * _Available since v3.4._\n     */\n    function functionDelegateCall(\n        address target,\n        bytes memory data,\n        string memory errorMessage\n    ) internal returns (bytes memory) {\n        require(isContract(target), \"Address: delegate call to non-contract\");\n\n        (bool success, bytes memory returndata) = target.delegatecall(data);\n        return verifyCallResult(success, returndata, errorMessage);\n    }\n\n    /**\n     * @dev Tool to verifies that a low level call was successful, and revert if it wasn't, either by bubbling the\n     * revert reason using the provided one.\n     *\n     * _Available since v4.3._\n     */\n    function verifyCallResult(\n        bool success,\n        bytes memory returndata,\n        string memory errorMessage\n    ) internal pure returns (bytes memory) {\n        if (success) {\n            return returndata;\n        } else {\n            // Look for revert reason and bubble it up if present\n            if (returndata.length > 0) {\n                // The easiest way to bubble the revert reason is using memory via assembly\n\n                assembly {\n                    let returndata_size := mload(returndata)\n                    revert(add(32, returndata), returndata_size)\n                }\n            } else {\n                revert(errorMessage);\n            }\n        }\n    }\n}\n"
    },
    "@openzeppelin/contracts/utils/introspection/ERC165.sol": {
      "content": "// SPDX-License-Identifier: MIT\n// OpenZeppelin Contracts v4.4.1 (utils/introspection/ERC165.sol)\n\npragma solidity ^0.8.0;\n\nimport \"./IERC165.sol\";\n\n/**\n * @dev Implementation of the {IERC165} interface.\n *\n * Contracts that want to implement ERC165 should inherit from this contract and override {supportsInterface} to check\n * for the additional interface id that will be supported. For example:\n *\n * ```solidity\n * function supportsInterface(bytes4 interfaceId) public view virtual override returns (bool) {\n *     return interfaceId == type(MyInterface).interfaceId || super.supportsInterface(interfaceId);\n * }\n * ```\n *\n * Alternatively, {ERC165Storage} provides an easier to use but more expensive implementation.\n */\nabstract contract ERC165 is IERC165 {\n    /**\n     * @dev See {IERC165-supportsInterface}.\n     */\n    function supportsInterface(bytes4 interfaceId) public view virtual override returns (bool) {\n        return interfaceId == type(IERC165).interfaceId;\n    }\n}\n"
    },
    "@openzeppelin/contracts/utils/introspection/IERC165.sol": {
      "content": "// SPDX-License-Identifier: MIT\n// OpenZeppelin Contracts v4.4.1 (utils/introspection/IERC165.sol)\n\npragma solidity ^0.8.0;\n\n/**\n * @dev Interface of the ERC165 standard, as defined in the\n * https://eips.ethereum.org/EIPS/eip-165[EIP].\n *\n * Implementers can declare support of contract interfaces, which can then be\n * queried by others ({ERC165Checker}).\n *\n * For an implementation, see {ERC165}.\n */\ninterface IERC165 {\n    /**\n     * @dev Returns true if this contract implements the interface defined by\n     * `interfaceId`. See the corresponding\n     * https://eips.ethereum.org/EIPS/eip-165#how-interfaces-are-identified[EIP section]\n     * to learn more about how these ids are created.\n     *\n     * This function call must use less than 30 000 gas.\n     */\n    function supportsInterface(bytes4 interfaceId) external view returns (bool);\n}\n"
    },
    "@openzeppelin/contracts/utils/Strings.sol": {
      "content": "// SPDX-License-Identifier: MIT\n// OpenZeppelin Contracts v4.4.1 (utils/Strings.sol)\n\npragma solidity ^0.8.0;\n\n/**\n * @dev String operations.\n */\nlibrary Strings {\n    bytes16 private constant _HEX_SYMBOLS = \"0123456789abcdef\";\n\n    /**\n     * @dev Converts a `uint256` to its ASCII `string` decimal representation.\n     */\n    function toString(uint256 value) internal pure returns (string memory) {\n        // Inspired by OraclizeAPI's implementation - MIT licence\n        // https://github.com/oraclize/ethereum-api/blob/b42146b063c7d6ee1358846c198246239e9360e8/oraclizeAPI_0.4.25.sol\n\n        if (value == 0) {\n            return \"0\";\n        }\n        uint256 temp = value;\n        uint256 digits;\n        while (temp != 0) {\n            digits++;\n            temp /= 10;\n        }\n        bytes memory buffer = new bytes(digits);\n        while (value != 0) {\n            digits -= 1;\n            buffer[digits] = bytes1(uint8(48 + uint256(value % 10)));\n            value /= 10;\n        }\n        return string(buffer);\n    }\n\n    /**\n     * @dev Converts a `uint256` to its ASCII `string` hexadecimal representation.\n     */\n    function toHexString(uint256 value) internal pure returns (string memory) {\n        if (value == 0) {\n            return \"0x00\";\n        }\n        uint256 temp = value;\n        uint256 length = 0;\n        while (temp != 0) {\n            length++;\n            temp >>= 8;\n        }\n        return toHexString(value, length);\n    }\n\n    /**\n     * @dev Converts a `uint256` to its ASCII `string` hexadecimal representation with fixed length.\n     */\n    function toHexString(uint256 value, uint256 length) internal pure returns (string memory) {\n        bytes memory buffer = new bytes(2 * length + 2);\n        buffer[0] = \"0\";\n        buffer[1] = \"x\";\n        for (uint256 i = 2 * length + 1; i > 1; --i) {\n            buffer[i] = _HEX_SYMBOLS[value & 0xf];\n            value >>= 4;\n        }\n        require(value == 0, \"Strings: hex length insufficient\");\n        return string(buffer);\n    }\n}\n"
    }
  },
  "settings": {
    "optimizer": {
      "enabled": true,
      "runs": 1000
    },
    "outputSelection": {
      "*": {
        "*": [
          "evm.bytecode",
          "evm.deployedBytecode",
          "devdoc",
          "userdoc",
          "metadata",
          "abi"
        ]
      }
    },
    "libraries": {}
  }
}