[{"inputs":[{"internalType":"address","name":"erc20Address","type":"address"},{"internalType":"address","name":"nftAddress","type":"address"}],"stateMutability":"nonpayable","type":"constructor"},{"anonymous":false,"inputs":[{"indexed":true,"internalType":"address","name":"account","type":"address"},{"indexed":false,"internalType":"uint256","name":"count","type":"uint256"},{"indexed":false,"internalType":"uint256","name":"nftId","type":"uint256"}],"name":"Jackpot","type":"event"},{"inputs":[{"internalType":"uint256","name":"count","type":"uint256"}],"name":"AddToJackpot","outputs":[],"stateMutability":"nonpayable","type":"function"},{"inputs":[{"internalType":"bool","name":"newEnabled","type":"bool"}],"name":"SetEnable","outputs":[],"stateMutability":"nonpayable","type":"function"},{"inputs":[{"internalType":"address","name":"account","type":"address"},{"internalType":"uint256","name":"count","type":"uint256"}],"name":"addBalance","outputs":[],"stateMutability":"nonpayable","type":"function"},{"inputs":[{"internalType":"address","name":"","type":"address"}],"name":"admins","outputs":[{"internalType":"bool","name":"","type":"bool"}],"stateMutability":"view","type":"function"},{"inputs":[{"components":[{"internalType":"address","name":"account","type":"address"},{"internalType":"int256","name":"change","type":"int256"}],"internalType":"struct BalanceChange[]","name":"changes","type":"tuple[]"}],"name":"applyChanges","outputs":[],"stateMutability":"nonpayable","type":"function"},{"inputs":[{"internalType":"address","name":"account","type":"address"}],"name":"balanceOf","outputs":[{"internalType":"uint256","name":"","type":"uint256"}],"stateMutability":"view","type":"function"},{"inputs":[],"name":"balanceTotal","outputs":[{"internalType":"uint256","name":"","type":"uint256"}],"stateMutability":"view","type":"function"},{"inputs":[],"name":"caasbank","outputs":[{"internalType":"address","name":"","type":"address"}],"stateMutability":"view","type":"function"},{"inputs":[],"name":"enabled","outputs":[{"internalType":"bool","name":"","type":"bool"}],"stateMutability":"view","type":"function"},{"inputs":[],"name":"erc20","outputs":[{"internalType":"contract IERC20","name":"","type":"address"}],"stateMutability":"view","type":"function"},{"inputs":[{"internalType":"address","name":"account","type":"address"},{"internalType":"uint256","name":"bid","type":"uint256"}],"name":"giveJackpot","outputs":[],"stateMutability":"nonpayable","type":"function"},{"inputs":[],"name":"jackpot","outputs":[{"internalType":"uint256","name":"","type":"uint256"}],"stateMutability":"view","type":"function"},{"inputs":[],"name":"nft","outputs":[{"internalType":"contract IERC721","name":"","type":"address"}],"stateMutability":"view","type":"function"},{"inputs":[],"name":"removeCaasbank","outputs":[],"stateMutability":"nonpayable","type":"function"},{"inputs":[{"internalType":"address","name":"account","type":"address"},{"internalType":"bool","name":"isAdmin","type":"bool"}],"name":"setAdmin","outputs":[],"stateMutability":"nonpayable","type":"function"},{"inputs":[{"internalType":"address","name":"caasbankAddress","type":"address"}],"name":"setCaasbank","outputs":[],"stateMutability":"nonpayable","type":"function"},{"inputs":[{"internalType":"address","name":"erc20Address","type":"address"}],"name":"setErc20","outputs":[],"stateMutability":"nonpayable","type":"function"},{"inputs":[{"internalType":"address","name":"nftAddress","type":"address"}],"name":"setNft","outputs":[],"stateMutability":"nonpayable","type":"function"},{"inputs":[{"internalType":"address","name":"account","type":"address"},{"internalType":"uint256","name":"count","type":"uint256"}],"name":"subBalance","outputs":[],"stateMutability":"nonpayable","type":"function"},{"inputs":[{"internalType":"uint256","name":"count","type":"uint256"}],"name":"topUpBalance","outputs":[],"stateMutability":"nonpayable","type":"function"},{"inputs":[{"internalType":"uint256","name":"count","type":"uint256"}],"name":"topUpJackpot","outputs":[],"stateMutability":"nonpayable","type":"function"},{"inputs":[{"internalType":"address","name":"newOwner","type":"address"}],"name":"transferOwnership","outputs":[],"stateMutability":"nonpayable","type":"function"},{"inputs":[{"internalType":"address","name":"account","type":"address"},{"internalType":"uint256","name":"count","type":"uint256"}],"name":"withdrawErc20","outputs":[],"stateMutability":"nonpayable","type":"function"},{"inputs":[{"internalType":"address","name":"account","type":"address"},{"internalType":"uint256","name":"count","type":"uint256"}],"name":"withdrawErc20Admin","outputs":[],"stateMutability":"nonpayable","type":"function"},{"inputs":[],"name":"withdrawErc20Owner","outputs":[],"stateMutability":"nonpayable","type":"function"},{"inputs":[],"name":"withdrawEth","outputs":[],"stateMutability":"nonpayable","type":"function"},{"inputs":[{"internalType":"address","name":"account","type":"address"},{"internalType":"uint256","name":"count","type":"uint256"}],"name":"withdrawJackpot","outputs":[],"stateMutability":"nonpayable","type":"function"},{"inputs":[{"internalType":"address","name":"account","type":"address"}],"name":"withdrawNft","outputs":[],"stateMutability":"nonpayable","type":"function"},{"inputs":[{"internalType":"address","name":"account","type":"address"},{"internalType":"uint256","name":"id","type":"uint256"}],"name":"withdrawNft","outputs":[],"stateMutability":"nonpayable","type":"function"},{"inputs":[],"name":"withdrawNftOwner","outputs":[],"stateMutability":"nonpayable","type":"function"}]