{
  "language": "Solidity",
  "sources": {
    "contracts/EveraiBanner.sol": {
      "content": "// SPDX-License-Identifier: MIT\n\npragma solidity ^0.8.0;\n\nimport \"@openzeppelin/contracts/security/ReentrancyGuard.sol\";\nimport \"@openzeppelin/contracts/access/AccessControl.sol\";\nimport \"@openzeppelin/contracts/access/Ownable.sol\";\nimport \"@openzeppelin/contracts/token/common/ERC2981.sol\";\nimport \"erc721a/contracts/ERC721A.sol\";\nimport \"erc721a/contracts/IERC721A.sol\";\n\ninterface IEveraiMemoryCore is IERC721A {\n    function mint(address to, uint256 quantity) external;\n}\n\ncontract EveraiBanner is ERC721A, Ownable, ReentrancyGuard {\n    address public authorizedBurnContractAddress;\n    address public authorizedUpgradeContractAddress;\n\n    string private _baseTokenURI;\n\n    uint256[40] claimedBitMap;\n    bool public claimActive;\n\n    mapping(uint256 => uint8) public levels; // 0 - 255\n    mapping(uint256 => uint16) public types; // 0 - 65 535\n\n    IERC721A public immutable everaiDuo;\n    IEveraiMemoryCore public everaiMemoryCore;\n\n    constructor(address everaiDuoAddress, address everaiMemoryCoreAddress)\n        ERC721A(\"EveraiBanner\", \"EveraiBanner\")\n    {\n        everaiDuo = IERC721A(everaiDuoAddress);\n        everaiMemoryCore = IEveraiMemoryCore(everaiMemoryCoreAddress);\n    }\n\n    function setEveraiMemoryCardAddress(address everaiMemoryCoreAddress)\n        external\n        onlyOwner\n    {\n        everaiMemoryCore = IEveraiMemoryCore(everaiMemoryCoreAddress);\n    }\n\n    function setAuthorizedUpgradeContractAddress(\n        address authorizedUpgradeContractAddress_\n    ) external onlyOwner {\n        authorizedUpgradeContractAddress = authorizedUpgradeContractAddress_;\n    }\n\n    function setAuthorizedBurnContractAddress(\n        address authorizedBurnContractAddress_\n    ) external onlyOwner {\n        authorizedBurnContractAddress = authorizedBurnContractAddress_;\n    }\n\n    function setBaseURI(string calldata baseURI) external onlyOwner {\n        _baseTokenURI = baseURI;\n    }\n\n    function _baseURI() internal view virtual override returns (string memory) {\n        return _baseTokenURI;\n    }\n\n    function tokenURI(uint256 tokenId)\n        public\n        view\n        virtual\n        override\n        returns (string memory)\n    {\n        if (!_exists(tokenId)) revert URIQueryForNonexistentToken();\n\n        string memory baseURI = _baseURI();\n        return\n            bytes(baseURI).length != 0\n                ? string(\n                    abi.encodePacked(\n                        baseURI,\n                        _toString(types[tokenId]),\n                        \"/\",\n                        _toString(levels[tokenId])\n                    )\n                )\n                : \"\";\n    }\n\n    function setClaimActive(bool claimActive_) external onlyOwner {\n        claimActive = claimActive_;\n    }\n\n    function isClaimed(uint256 tokenId) public view returns (bool) {\n        uint256 claimedWordIndex = tokenId / 256;\n        uint256 claimedBitIndex = tokenId % 256;\n        uint256 claimedWord = claimedBitMap[claimedWordIndex];\n        uint256 mask = (1 << claimedBitIndex);\n        return claimedWord & mask == mask;\n    }\n\n    function _setClaimed(uint256 tokenId) internal {\n        uint256 claimedWordIndex = tokenId / 256;\n        uint256 claimedBitIndex = tokenId % 256;\n        claimedBitMap[claimedWordIndex] =\n            claimedBitMap[claimedWordIndex] |\n            (1 << claimedBitIndex);\n    }\n\n    function claim(uint256[] memory tokenIds) public nonReentrant {\n        require(claimActive, \"Claim is not active.\");\n\n        uint256 numTokensClaimed;\n        for (uint256 i; i < tokenIds.length; i++) {\n            uint256 tokenId = tokenIds[i];\n            address owner = everaiDuo.ownerOf(tokenId);\n            require(owner == msg.sender, \"Owner does not match\");\n            if (!isClaimed(tokenId)) {\n                _setClaimed(tokenId);\n                numTokensClaimed++;\n            }\n        }\n\n        everaiMemoryCore.mint(msg.sender, numTokensClaimed);\n        _safeMint(msg.sender, numTokensClaimed);\n    }\n\n    function upgrade(uint256 tokenId, uint16 memoryCoreType) external {\n        require(\n            msg.sender == owner() ||\n                msg.sender == authorizedUpgradeContractAddress,\n            \"Authorization required\"\n        );\n\n        types[tokenId] = memoryCoreType;\n        levels[tokenId] = levels[tokenId] + 1;\n    }\n\n    function burn(uint256 tokenId) external {\n        require(\n            authorizedBurnContractAddress == msg.sender,\n            \"Authorization required\"\n        );\n\n        _burn(tokenId);\n    }\n}\n"
    },
    "@openzeppelin/contracts/security/ReentrancyGuard.sol": {
      "content": "// SPDX-License-Identifier: MIT\n// OpenZeppelin Contracts v4.4.1 (security/ReentrancyGuard.sol)\n\npragma solidity ^0.8.0;\n\n/**\n * @dev Contract module that helps prevent reentrant calls to a function.\n *\n * Inheriting from `ReentrancyGuard` will make the {nonReentrant} modifier\n * available, which can be applied to functions to make sure there are no nested\n * (reentrant) calls to them.\n *\n * Note that because there is a single `nonReentrant` guard, functions marked as\n * `nonReentrant` may not call one another. This can be worked around by making\n * those functions `private`, and then adding `external` `nonReentrant` entry\n * points to them.\n *\n * TIP: If you would like to learn more about reentrancy and alternative ways\n * to protect against it, check out our blog post\n * https://blog.openzeppelin.com/reentrancy-after-istanbul/[Reentrancy After Istanbul].\n */\nabstract contract ReentrancyGuard {\n    // Booleans are more expensive than uint256 or any type that takes up a full\n    // word because each write operation emits an extra SLOAD to first read the\n    // slot's contents, replace the bits taken up by the boolean, and then write\n    // back. This is the compiler's defense against contract upgrades and\n    // pointer aliasing, and it cannot be disabled.\n\n    // The values being non-zero value makes deployment a bit more expensive,\n    // but in exchange the refund on every call to nonReentrant will be lower in\n    // amount. Since refunds are capped to a percentage of the total\n    // transaction's gas, it is best to keep them low in cases like this one, to\n    // increase the likelihood of the full refund coming into effect.\n    uint256 private constant _NOT_ENTERED = 1;\n    uint256 private constant _ENTERED = 2;\n\n    uint256 private _status;\n\n    constructor() {\n        _status = _NOT_ENTERED;\n    }\n\n    /**\n     * @dev Prevents a contract from calling itself, directly or indirectly.\n     * Calling a `nonReentrant` function from another `nonReentrant`\n     * function is not supported. It is possible to prevent this from happening\n     * by making the `nonReentrant` function external, and making it call a\n     * `private` function that does the actual work.\n     */\n    modifier nonReentrant() {\n        // On the first call to nonReentrant, _notEntered will be true\n        require(_status != _ENTERED, \"ReentrancyGuard: reentrant call\");\n\n        // Any calls to nonReentrant after this point will fail\n        _status = _ENTERED;\n\n        _;\n\n        // By storing the original value once again, a refund is triggered (see\n        // https://eips.ethereum.org/EIPS/eip-2200)\n        _status = _NOT_ENTERED;\n    }\n}\n"
    },
    "@openzeppelin/contracts/access/AccessControl.sol": {
      "content": "// SPDX-License-Identifier: MIT\n// OpenZeppelin Contracts (last updated v4.5.0) (access/AccessControl.sol)\n\npragma solidity ^0.8.0;\n\nimport \"./IAccessControl.sol\";\nimport \"../utils/Context.sol\";\nimport \"../utils/Strings.sol\";\nimport \"../utils/introspection/ERC165.sol\";\n\n/**\n * @dev Contract module that allows children to implement role-based access\n * control mechanisms. This is a lightweight version that doesn't allow enumerating role\n * members except through off-chain means by accessing the contract event logs. Some\n * applications may benefit from on-chain enumerability, for those cases see\n * {AccessControlEnumerable}.\n *\n * Roles are referred to by their `bytes32` identifier. These should be exposed\n * in the external API and be unique. The best way to achieve this is by\n * using `public constant` hash digests:\n *\n * ```\n * bytes32 public constant MY_ROLE = keccak256(\"MY_ROLE\");\n * ```\n *\n * Roles can be used to represent a set of permissions. To restrict access to a\n * function call, use {hasRole}:\n *\n * ```\n * function foo() public {\n *     require(hasRole(MY_ROLE, msg.sender));\n *     ...\n * }\n * ```\n *\n * Roles can be granted and revoked dynamically via the {grantRole} and\n * {revokeRole} functions. Each role has an associated admin role, and only\n * accounts that have a role's admin role can call {grantRole} and {revokeRole}.\n *\n * By default, the admin role for all roles is `DEFAULT_ADMIN_ROLE`, which means\n * that only accounts with this role will be able to grant or revoke other\n * roles. More complex role relationships can be created by using\n * {_setRoleAdmin}.\n *\n * WARNING: The `DEFAULT_ADMIN_ROLE` is also its own admin: it has permission to\n * grant and revoke this role. Extra precautions should be taken to secure\n * accounts that have been granted it.\n */\nabstract contract AccessControl is Context, IAccessControl, ERC165 {\n    struct RoleData {\n        mapping(address => bool) members;\n        bytes32 adminRole;\n    }\n\n    mapping(bytes32 => RoleData) private _roles;\n\n    bytes32 public constant DEFAULT_ADMIN_ROLE = 0x00;\n\n    /**\n     * @dev Modifier that checks that an account has a specific role. Reverts\n     * with a standardized message including the required role.\n     *\n     * The format of the revert reason is given by the following regular expression:\n     *\n     *  /^AccessControl: account (0x[0-9a-f]{40}) is missing role (0x[0-9a-f]{64})$/\n     *\n     * _Available since v4.1._\n     */\n    modifier onlyRole(bytes32 role) {\n        _checkRole(role, _msgSender());\n        _;\n    }\n\n    /**\n     * @dev See {IERC165-supportsInterface}.\n     */\n    function supportsInterface(bytes4 interfaceId) public view virtual override returns (bool) {\n        return interfaceId == type(IAccessControl).interfaceId || super.supportsInterface(interfaceId);\n    }\n\n    /**\n     * @dev Returns `true` if `account` has been granted `role`.\n     */\n    function hasRole(bytes32 role, address account) public view virtual override returns (bool) {\n        return _roles[role].members[account];\n    }\n\n    /**\n     * @dev Revert with a standard message if `account` is missing `role`.\n     *\n     * The format of the revert reason is given by the following regular expression:\n     *\n     *  /^AccessControl: account (0x[0-9a-f]{40}) is missing role (0x[0-9a-f]{64})$/\n     */\n    function _checkRole(bytes32 role, address account) internal view virtual {\n        if (!hasRole(role, account)) {\n            revert(\n                string(\n                    abi.encodePacked(\n                        \"AccessControl: account \",\n                        Strings.toHexString(uint160(account), 20),\n                        \" is missing role \",\n                        Strings.toHexString(uint256(role), 32)\n                    )\n                )\n            );\n        }\n    }\n\n    /**\n     * @dev Returns the admin role that controls `role`. See {grantRole} and\n     * {revokeRole}.\n     *\n     * To change a role's admin, use {_setRoleAdmin}.\n     */\n    function getRoleAdmin(bytes32 role) public view virtual override returns (bytes32) {\n        return _roles[role].adminRole;\n    }\n\n    /**\n     * @dev Grants `role` to `account`.\n     *\n     * If `account` had not been already granted `role`, emits a {RoleGranted}\n     * event.\n     *\n     * Requirements:\n     *\n     * - the caller must have ``role``'s admin role.\n     */\n    function grantRole(bytes32 role, address account) public virtual override onlyRole(getRoleAdmin(role)) {\n        _grantRole(role, account);\n    }\n\n    /**\n     * @dev Revokes `role` from `account`.\n     *\n     * If `account` had been granted `role`, emits a {RoleRevoked} event.\n     *\n     * Requirements:\n     *\n     * - the caller must have ``role``'s admin role.\n     */\n    function revokeRole(bytes32 role, address account) public virtual override onlyRole(getRoleAdmin(role)) {\n        _revokeRole(role, account);\n    }\n\n    /**\n     * @dev Revokes `role` from the calling account.\n     *\n     * Roles are often managed via {grantRole} and {revokeRole}: this function's\n     * purpose is to provide a mechanism for accounts to lose their privileges\n     * if they are compromised (such as when a trusted device is misplaced).\n     *\n     * If the calling account had been revoked `role`, emits a {RoleRevoked}\n     * event.\n     *\n     * Requirements:\n     *\n     * - the caller must be `account`.\n     */\n    function renounceRole(bytes32 role, address account) public virtual override {\n        require(account == _msgSender(), \"AccessControl: can only renounce roles for self\");\n\n        _revokeRole(role, account);\n    }\n\n    /**\n     * @dev Grants `role` to `account`.\n     *\n     * If `account` had not been already granted `role`, emits a {RoleGranted}\n     * event. Note that unlike {grantRole}, this function doesn't perform any\n     * checks on the calling account.\n     *\n     * [WARNING]\n     * ====\n     * This function should only be called from the constructor when setting\n     * up the initial roles for the system.\n     *\n     * Using this function in any other way is effectively circumventing the admin\n     * system imposed by {AccessControl}.\n     * ====\n     *\n     * NOTE: This function is deprecated in favor of {_grantRole}.\n     */\n    function _setupRole(bytes32 role, address account) internal virtual {\n        _grantRole(role, account);\n    }\n\n    /**\n     * @dev Sets `adminRole` as ``role``'s admin role.\n     *\n     * Emits a {RoleAdminChanged} event.\n     */\n    function _setRoleAdmin(bytes32 role, bytes32 adminRole) internal virtual {\n        bytes32 previousAdminRole = getRoleAdmin(role);\n        _roles[role].adminRole = adminRole;\n        emit RoleAdminChanged(role, previousAdminRole, adminRole);\n    }\n\n    /**\n     * @dev Grants `role` to `account`.\n     *\n     * Internal function without access restriction.\n     */\n    function _grantRole(bytes32 role, address account) internal virtual {\n        if (!hasRole(role, account)) {\n            _roles[role].members[account] = true;\n            emit RoleGranted(role, account, _msgSender());\n        }\n    }\n\n    /**\n     * @dev Revokes `role` from `account`.\n     *\n     * Internal function without access restriction.\n     */\n    function _revokeRole(bytes32 role, address account) internal virtual {\n        if (hasRole(role, account)) {\n            _roles[role].members[account] = false;\n            emit RoleRevoked(role, account, _msgSender());\n        }\n    }\n}\n"
    },
    "@openzeppelin/contracts/access/Ownable.sol": {
      "content": "// SPDX-License-Identifier: MIT\n// OpenZeppelin Contracts v4.4.1 (access/Ownable.sol)\n\npragma solidity ^0.8.0;\n\nimport \"../utils/Context.sol\";\n\n/**\n * @dev Contract module which provides a basic access control mechanism, where\n * there is an account (an owner) that can be granted exclusive access to\n * specific functions.\n *\n * By default, the owner account will be the one that deploys the contract. This\n * can later be changed with {transferOwnership}.\n *\n * This module is used through inheritance. It will make available the modifier\n * `onlyOwner`, which can be applied to your functions to restrict their use to\n * the owner.\n */\nabstract contract Ownable is Context {\n    address private _owner;\n\n    event OwnershipTransferred(address indexed previousOwner, address indexed newOwner);\n\n    /**\n     * @dev Initializes the contract setting the deployer as the initial owner.\n     */\n    constructor() {\n        _transferOwnership(_msgSender());\n    }\n\n    /**\n     * @dev Returns the address of the current owner.\n     */\n    function owner() public view virtual returns (address) {\n        return _owner;\n    }\n\n    /**\n     * @dev Throws if called by any account other than the owner.\n     */\n    modifier onlyOwner() {\n        require(owner() == _msgSender(), \"Ownable: caller is not the owner\");\n        _;\n    }\n\n    /**\n     * @dev Leaves the contract without owner. It will not be possible to call\n     * `onlyOwner` functions anymore. Can only be called by the current owner.\n     *\n     * NOTE: Renouncing ownership will leave the contract without an owner,\n     * thereby removing any functionality that is only available to the owner.\n     */\n    function renounceOwnership() public virtual onlyOwner {\n        _transferOwnership(address(0));\n    }\n\n    /**\n     * @dev Transfers ownership of the contract to a new account (`newOwner`).\n     * Can only be called by the current owner.\n     */\n    function transferOwnership(address newOwner) public virtual onlyOwner {\n        require(newOwner != address(0), \"Ownable: new owner is the zero address\");\n        _transferOwnership(newOwner);\n    }\n\n    /**\n     * @dev Transfers ownership of the contract to a new account (`newOwner`).\n     * Internal function without access restriction.\n     */\n    function _transferOwnership(address newOwner) internal virtual {\n        address oldOwner = _owner;\n        _owner = newOwner;\n        emit OwnershipTransferred(oldOwner, newOwner);\n    }\n}\n"
    },
    "@openzeppelin/contracts/token/common/ERC2981.sol": {
      "content": "// SPDX-License-Identifier: MIT\n// OpenZeppelin Contracts (last updated v4.5.0) (token/common/ERC2981.sol)\n\npragma solidity ^0.8.0;\n\nimport \"../../interfaces/IERC2981.sol\";\nimport \"../../utils/introspection/ERC165.sol\";\n\n/**\n * @dev Implementation of the NFT Royalty Standard, a standardized way to retrieve royalty payment information.\n *\n * Royalty information can be specified globally for all token ids via {_setDefaultRoyalty}, and/or individually for\n * specific token ids via {_setTokenRoyalty}. The latter takes precedence over the first.\n *\n * Royalty is specified as a fraction of sale price. {_feeDenominator} is overridable but defaults to 10000, meaning the\n * fee is specified in basis points by default.\n *\n * IMPORTANT: ERC-2981 only specifies a way to signal royalty information and does not enforce its payment. See\n * https://eips.ethereum.org/EIPS/eip-2981#optional-royalty-payments[Rationale] in the EIP. Marketplaces are expected to\n * voluntarily pay royalties together with sales, but note that this standard is not yet widely supported.\n *\n * _Available since v4.5._\n */\nabstract contract ERC2981 is IERC2981, ERC165 {\n    struct RoyaltyInfo {\n        address receiver;\n        uint96 royaltyFraction;\n    }\n\n    RoyaltyInfo private _defaultRoyaltyInfo;\n    mapping(uint256 => RoyaltyInfo) private _tokenRoyaltyInfo;\n\n    /**\n     * @dev See {IERC165-supportsInterface}.\n     */\n    function supportsInterface(bytes4 interfaceId) public view virtual override(IERC165, ERC165) returns (bool) {\n        return interfaceId == type(IERC2981).interfaceId || super.supportsInterface(interfaceId);\n    }\n\n    /**\n     * @inheritdoc IERC2981\n     */\n    function royaltyInfo(uint256 _tokenId, uint256 _salePrice)\n        external\n        view\n        virtual\n        override\n        returns (address, uint256)\n    {\n        RoyaltyInfo memory royalty = _tokenRoyaltyInfo[_tokenId];\n\n        if (royalty.receiver == address(0)) {\n            royalty = _defaultRoyaltyInfo;\n        }\n\n        uint256 royaltyAmount = (_salePrice * royalty.royaltyFraction) / _feeDenominator();\n\n        return (royalty.receiver, royaltyAmount);\n    }\n\n    /**\n     * @dev The denominator with which to interpret the fee set in {_setTokenRoyalty} and {_setDefaultRoyalty} as a\n     * fraction of the sale price. Defaults to 10000 so fees are expressed in basis points, but may be customized by an\n     * override.\n     */\n    function _feeDenominator() internal pure virtual returns (uint96) {\n        return 10000;\n    }\n\n    /**\n     * @dev Sets the royalty information that all ids in this contract will default to.\n     *\n     * Requirements:\n     *\n     * - `receiver` cannot be the zero address.\n     * - `feeNumerator` cannot be greater than the fee denominator.\n     */\n    function _setDefaultRoyalty(address receiver, uint96 feeNumerator) internal virtual {\n        require(feeNumerator <= _feeDenominator(), \"ERC2981: royalty fee will exceed salePrice\");\n        require(receiver != address(0), \"ERC2981: invalid receiver\");\n\n        _defaultRoyaltyInfo = RoyaltyInfo(receiver, feeNumerator);\n    }\n\n    /**\n     * @dev Removes default royalty information.\n     */\n    function _deleteDefaultRoyalty() internal virtual {\n        delete _defaultRoyaltyInfo;\n    }\n\n    /**\n     * @dev Sets the royalty information for a specific token id, overriding the global default.\n     *\n     * Requirements:\n     *\n     * - `tokenId` must be already minted.\n     * - `receiver` cannot be the zero address.\n     * - `feeNumerator` cannot be greater than the fee denominator.\n     */\n    function _setTokenRoyalty(\n        uint256 tokenId,\n        address receiver,\n        uint96 feeNumerator\n    ) internal virtual {\n        require(feeNumerator <= _feeDenominator(), \"ERC2981: royalty fee will exceed salePrice\");\n        require(receiver != address(0), \"ERC2981: Invalid parameters\");\n\n        _tokenRoyaltyInfo[tokenId] = RoyaltyInfo(receiver, feeNumerator);\n    }\n\n    /**\n     * @dev Resets royalty information for the token id back to the global default.\n     */\n    function _resetTokenRoyalty(uint256 tokenId) internal virtual {\n        delete _tokenRoyaltyInfo[tokenId];\n    }\n}\n"
    },
    "erc721a/contracts/ERC721A.sol": {
      "content": "// SPDX-License-Identifier: MIT\n// ERC721A Contracts v4.0.0\n// Creator: Chiru Labs\n\npragma solidity ^0.8.4;\n\nimport './IERC721A.sol';\n\n/**\n * @dev ERC721 token receiver interface.\n */\ninterface ERC721A__IERC721Receiver {\n    function onERC721Received(\n        address operator,\n        address from,\n        uint256 tokenId,\n        bytes calldata data\n    ) external returns (bytes4);\n}\n\n/**\n * @dev Implementation of https://eips.ethereum.org/EIPS/eip-721[ERC721] Non-Fungible Token Standard, including\n * the Metadata extension. Built to optimize for lower gas during batch mints.\n *\n * Assumes serials are sequentially minted starting at _startTokenId() (defaults to 0, e.g. 0, 1, 2, 3..).\n *\n * Assumes that an owner cannot have more than 2**64 - 1 (max value of uint64) of supply.\n *\n * Assumes that the maximum token id cannot exceed 2**256 - 1 (max value of uint256).\n */\ncontract ERC721A is IERC721A {\n    // Mask of an entry in packed address data.\n    uint256 private constant BITMASK_ADDRESS_DATA_ENTRY = (1 << 64) - 1;\n\n    // The bit position of `numberMinted` in packed address data.\n    uint256 private constant BITPOS_NUMBER_MINTED = 64;\n\n    // The bit position of `numberBurned` in packed address data.\n    uint256 private constant BITPOS_NUMBER_BURNED = 128;\n\n    // The bit position of `aux` in packed address data.\n    uint256 private constant BITPOS_AUX = 192;\n\n    // Mask of all 256 bits in packed address data except the 64 bits for `aux`.\n    uint256 private constant BITMASK_AUX_COMPLEMENT = (1 << 192) - 1;\n\n    // The bit position of `startTimestamp` in packed ownership.\n    uint256 private constant BITPOS_START_TIMESTAMP = 160;\n\n    // The bit mask of the `burned` bit in packed ownership.\n    uint256 private constant BITMASK_BURNED = 1 << 224;\n    \n    // The bit position of the `nextInitialized` bit in packed ownership.\n    uint256 private constant BITPOS_NEXT_INITIALIZED = 225;\n\n    // The bit mask of the `nextInitialized` bit in packed ownership.\n    uint256 private constant BITMASK_NEXT_INITIALIZED = 1 << 225;\n\n    // The tokenId of the next token to be minted.\n    uint256 private _currentIndex;\n\n    // The number of tokens burned.\n    uint256 private _burnCounter;\n\n    // Token name\n    string private _name;\n\n    // Token symbol\n    string private _symbol;\n\n    // Mapping from token ID to ownership details\n    // An empty struct value does not necessarily mean the token is unowned.\n    // See `_packedOwnershipOf` implementation for details.\n    //\n    // Bits Layout:\n    // - [0..159]   `addr`\n    // - [160..223] `startTimestamp`\n    // - [224]      `burned`\n    // - [225]      `nextInitialized`\n    mapping(uint256 => uint256) private _packedOwnerships;\n\n    // Mapping owner address to address data.\n    //\n    // Bits Layout:\n    // - [0..63]    `balance`\n    // - [64..127]  `numberMinted`\n    // - [128..191] `numberBurned`\n    // - [192..255] `aux`\n    mapping(address => uint256) private _packedAddressData;\n\n    // Mapping from token ID to approved address.\n    mapping(uint256 => address) private _tokenApprovals;\n\n    // Mapping from owner to operator approvals\n    mapping(address => mapping(address => bool)) private _operatorApprovals;\n\n    constructor(string memory name_, string memory symbol_) {\n        _name = name_;\n        _symbol = symbol_;\n        _currentIndex = _startTokenId();\n    }\n\n    /**\n     * @dev Returns the starting token ID. \n     * To change the starting token ID, please override this function.\n     */\n    function _startTokenId() internal view virtual returns (uint256) {\n        return 0;\n    }\n\n    /**\n     * @dev Returns the next token ID to be minted.\n     */\n    function _nextTokenId() internal view returns (uint256) {\n        return _currentIndex;\n    }\n\n    /**\n     * @dev Returns the total number of tokens in existence.\n     * Burned tokens will reduce the count. \n     * To get the total number of tokens minted, please see `_totalMinted`.\n     */\n    function totalSupply() public view override returns (uint256) {\n        // Counter underflow is impossible as _burnCounter cannot be incremented\n        // more than `_currentIndex - _startTokenId()` times.\n        unchecked {\n            return _currentIndex - _burnCounter - _startTokenId();\n        }\n    }\n\n    /**\n     * @dev Returns the total amount of tokens minted in the contract.\n     */\n    function _totalMinted() internal view returns (uint256) {\n        // Counter underflow is impossible as _currentIndex does not decrement,\n        // and it is initialized to `_startTokenId()`\n        unchecked {\n            return _currentIndex - _startTokenId();\n        }\n    }\n\n    /**\n     * @dev Returns the total number of tokens burned.\n     */\n    function _totalBurned() internal view returns (uint256) {\n        return _burnCounter;\n    }\n\n    /**\n     * @dev See {IERC165-supportsInterface}.\n     */\n    function supportsInterface(bytes4 interfaceId) public view virtual override returns (bool) {\n        // The interface IDs are constants representing the first 4 bytes of the XOR of\n        // all function selectors in the interface. See: https://eips.ethereum.org/EIPS/eip-165\n        // e.g. `bytes4(i.functionA.selector ^ i.functionB.selector ^ ...)`\n        return\n            interfaceId == 0x01ffc9a7 || // ERC165 interface ID for ERC165.\n            interfaceId == 0x80ac58cd || // ERC165 interface ID for ERC721.\n            interfaceId == 0x5b5e139f; // ERC165 interface ID for ERC721Metadata.\n    }\n\n    /**\n     * @dev See {IERC721-balanceOf}.\n     */\n    function balanceOf(address owner) public view override returns (uint256) {\n        if (owner == address(0)) revert BalanceQueryForZeroAddress();\n        return _packedAddressData[owner] & BITMASK_ADDRESS_DATA_ENTRY;\n    }\n\n    /**\n     * Returns the number of tokens minted by `owner`.\n     */\n    function _numberMinted(address owner) internal view returns (uint256) {\n        return (_packedAddressData[owner] >> BITPOS_NUMBER_MINTED) & BITMASK_ADDRESS_DATA_ENTRY;\n    }\n\n    /**\n     * Returns the number of tokens burned by or on behalf of `owner`.\n     */\n    function _numberBurned(address owner) internal view returns (uint256) {\n        return (_packedAddressData[owner] >> BITPOS_NUMBER_BURNED) & BITMASK_ADDRESS_DATA_ENTRY;\n    }\n\n    /**\n     * Returns the auxillary data for `owner`. (e.g. number of whitelist mint slots used).\n     */\n    function _getAux(address owner) internal view returns (uint64) {\n        return uint64(_packedAddressData[owner] >> BITPOS_AUX);\n    }\n\n    /**\n     * Sets the auxillary data for `owner`. (e.g. number of whitelist mint slots used).\n     * If there are multiple variables, please pack them into a uint64.\n     */\n    function _setAux(address owner, uint64 aux) internal {\n        uint256 packed = _packedAddressData[owner];\n        uint256 auxCasted;\n        assembly { // Cast aux without masking.\n            auxCasted := aux\n        }\n        packed = (packed & BITMASK_AUX_COMPLEMENT) | (auxCasted << BITPOS_AUX);\n        _packedAddressData[owner] = packed;\n    }\n\n    /**\n     * Returns the packed ownership data of `tokenId`.\n     */\n    function _packedOwnershipOf(uint256 tokenId) private view returns (uint256) {\n        uint256 curr = tokenId;\n\n        unchecked {\n            if (_startTokenId() <= curr)\n                if (curr < _currentIndex) {\n                    uint256 packed = _packedOwnerships[curr];\n                    // If not burned.\n                    if (packed & BITMASK_BURNED == 0) {\n                        // Invariant:\n                        // There will always be an ownership that has an address and is not burned\n                        // before an ownership that does not have an address and is not burned.\n                        // Hence, curr will not underflow.\n                        //\n                        // We can directly compare the packed value.\n                        // If the address is zero, packed is zero.\n                        while (packed == 0) {\n                            packed = _packedOwnerships[--curr];\n                        }\n                        return packed;\n                    }\n                }\n        }\n        revert OwnerQueryForNonexistentToken();\n    }\n\n    /**\n     * Returns the unpacked `TokenOwnership` struct from `packed`.\n     */\n    function _unpackedOwnership(uint256 packed) private pure returns (TokenOwnership memory ownership) {\n        ownership.addr = address(uint160(packed));\n        ownership.startTimestamp = uint64(packed >> BITPOS_START_TIMESTAMP);\n        ownership.burned = packed & BITMASK_BURNED != 0;\n    }\n\n    /**\n     * Returns the unpacked `TokenOwnership` struct at `index`.\n     */\n    function _ownershipAt(uint256 index) internal view returns (TokenOwnership memory) {\n        return _unpackedOwnership(_packedOwnerships[index]);\n    }\n\n    /**\n     * @dev Initializes the ownership slot minted at `index` for efficiency purposes.\n     */\n    function _initializeOwnershipAt(uint256 index) internal {\n        if (_packedOwnerships[index] == 0) {\n            _packedOwnerships[index] = _packedOwnershipOf(index);\n        }\n    }\n\n    /**\n     * Gas spent here starts off proportional to the maximum mint batch size.\n     * It gradually moves to O(1) as tokens get transferred around in the collection over time.\n     */\n    function _ownershipOf(uint256 tokenId) internal view returns (TokenOwnership memory) {\n        return _unpackedOwnership(_packedOwnershipOf(tokenId));\n    }\n\n    /**\n     * @dev See {IERC721-ownerOf}.\n     */\n    function ownerOf(uint256 tokenId) public view override returns (address) {\n        return address(uint160(_packedOwnershipOf(tokenId)));\n    }\n\n    /**\n     * @dev See {IERC721Metadata-name}.\n     */\n    function name() public view virtual override returns (string memory) {\n        return _name;\n    }\n\n    /**\n     * @dev See {IERC721Metadata-symbol}.\n     */\n    function symbol() public view virtual override returns (string memory) {\n        return _symbol;\n    }\n\n    /**\n     * @dev See {IERC721Metadata-tokenURI}.\n     */\n    function tokenURI(uint256 tokenId) public view virtual override returns (string memory) {\n        if (!_exists(tokenId)) revert URIQueryForNonexistentToken();\n\n        string memory baseURI = _baseURI();\n        return bytes(baseURI).length != 0 ? string(abi.encodePacked(baseURI, _toString(tokenId))) : '';\n    }\n\n    /**\n     * @dev Base URI for computing {tokenURI}. If set, the resulting URI for each\n     * token will be the concatenation of the `baseURI` and the `tokenId`. Empty\n     * by default, can be overriden in child contracts.\n     */\n    function _baseURI() internal view virtual returns (string memory) {\n        return '';\n    }\n\n    /**\n     * @dev Casts the address to uint256 without masking.\n     */\n    function _addressToUint256(address value) private pure returns (uint256 result) {\n        assembly {\n            result := value\n        }\n    }\n\n    /**\n     * @dev Casts the boolean to uint256 without branching.\n     */\n    function _boolToUint256(bool value) private pure returns (uint256 result) {\n        assembly {\n            result := value\n        }\n    }\n\n    /**\n     * @dev See {IERC721-approve}.\n     */\n    function approve(address to, uint256 tokenId) public override {\n        address owner = address(uint160(_packedOwnershipOf(tokenId)));\n        if (to == owner) revert ApprovalToCurrentOwner();\n\n        if (_msgSenderERC721A() != owner)\n            if (!isApprovedForAll(owner, _msgSenderERC721A())) {\n                revert ApprovalCallerNotOwnerNorApproved();\n            }\n\n        _tokenApprovals[tokenId] = to;\n        emit Approval(owner, to, tokenId);\n    }\n\n    /**\n     * @dev See {IERC721-getApproved}.\n     */\n    function getApproved(uint256 tokenId) public view override returns (address) {\n        if (!_exists(tokenId)) revert ApprovalQueryForNonexistentToken();\n\n        return _tokenApprovals[tokenId];\n    }\n\n    /**\n     * @dev See {IERC721-setApprovalForAll}.\n     */\n    function setApprovalForAll(address operator, bool approved) public virtual override {\n        if (operator == _msgSenderERC721A()) revert ApproveToCaller();\n\n        _operatorApprovals[_msgSenderERC721A()][operator] = approved;\n        emit ApprovalForAll(_msgSenderERC721A(), operator, approved);\n    }\n\n    /**\n     * @dev See {IERC721-isApprovedForAll}.\n     */\n    function isApprovedForAll(address owner, address operator) public view virtual override returns (bool) {\n        return _operatorApprovals[owner][operator];\n    }\n\n    /**\n     * @dev See {IERC721-transferFrom}.\n     */\n    function transferFrom(\n        address from,\n        address to,\n        uint256 tokenId\n    ) public virtual override {\n        _transfer(from, to, tokenId);\n    }\n\n    /**\n     * @dev See {IERC721-safeTransferFrom}.\n     */\n    function safeTransferFrom(\n        address from,\n        address to,\n        uint256 tokenId\n    ) public virtual override {\n        safeTransferFrom(from, to, tokenId, '');\n    }\n\n    /**\n     * @dev See {IERC721-safeTransferFrom}.\n     */\n    function safeTransferFrom(\n        address from,\n        address to,\n        uint256 tokenId,\n        bytes memory _data\n    ) public virtual override {\n        _transfer(from, to, tokenId);\n        if (to.code.length != 0)\n            if (!_checkContractOnERC721Received(from, to, tokenId, _data)) {\n                revert TransferToNonERC721ReceiverImplementer();\n            }\n    }\n\n    /**\n     * @dev Returns whether `tokenId` exists.\n     *\n     * Tokens can be managed by their owner or approved accounts via {approve} or {setApprovalForAll}.\n     *\n     * Tokens start existing when they are minted (`_mint`),\n     */\n    function _exists(uint256 tokenId) internal view returns (bool) {\n        return\n            _startTokenId() <= tokenId &&\n            tokenId < _currentIndex && // If within bounds,\n            _packedOwnerships[tokenId] & BITMASK_BURNED == 0; // and not burned.\n    }\n\n    /**\n     * @dev Equivalent to `_safeMint(to, quantity, '')`.\n     */\n    function _safeMint(address to, uint256 quantity) internal {\n        _safeMint(to, quantity, '');\n    }\n\n    /**\n     * @dev Safely mints `quantity` tokens and transfers them to `to`.\n     *\n     * Requirements:\n     *\n     * - If `to` refers to a smart contract, it must implement\n     *   {IERC721Receiver-onERC721Received}, which is called for each safe transfer.\n     * - `quantity` must be greater than 0.\n     *\n     * Emits a {Transfer} event.\n     */\n    function _safeMint(\n        address to,\n        uint256 quantity,\n        bytes memory _data\n    ) internal {\n        uint256 startTokenId = _currentIndex;\n        if (to == address(0)) revert MintToZeroAddress();\n        if (quantity == 0) revert MintZeroQuantity();\n\n        _beforeTokenTransfers(address(0), to, startTokenId, quantity);\n\n        // Overflows are incredibly unrealistic.\n        // balance or numberMinted overflow if current value of either + quantity > 1.8e19 (2**64) - 1\n        // updatedIndex overflows if _currentIndex + quantity > 1.2e77 (2**256) - 1\n        unchecked {\n            // Updates:\n            // - `balance += quantity`.\n            // - `numberMinted += quantity`.\n            //\n            // We can directly add to the balance and number minted.\n            _packedAddressData[to] += quantity * ((1 << BITPOS_NUMBER_MINTED) | 1);\n\n            // Updates:\n            // - `address` to the owner.\n            // - `startTimestamp` to the timestamp of minting.\n            // - `burned` to `false`.\n            // - `nextInitialized` to `quantity == 1`.\n            _packedOwnerships[startTokenId] =\n                _addressToUint256(to) |\n                (block.timestamp << BITPOS_START_TIMESTAMP) |\n                (_boolToUint256(quantity == 1) << BITPOS_NEXT_INITIALIZED);\n\n            uint256 updatedIndex = startTokenId;\n            uint256 end = updatedIndex + quantity;\n\n            if (to.code.length != 0) {\n                do {\n                    emit Transfer(address(0), to, updatedIndex);\n                    if (!_checkContractOnERC721Received(address(0), to, updatedIndex++, _data)) {\n                        revert TransferToNonERC721ReceiverImplementer();\n                    }\n                } while (updatedIndex < end);\n                // Reentrancy protection\n                if (_currentIndex != startTokenId) revert();\n            } else {\n                do {\n                    emit Transfer(address(0), to, updatedIndex++);\n                } while (updatedIndex < end);\n            }\n            _currentIndex = updatedIndex;\n        }\n        _afterTokenTransfers(address(0), to, startTokenId, quantity);\n    }\n\n    /**\n     * @dev Mints `quantity` tokens and transfers them to `to`.\n     *\n     * Requirements:\n     *\n     * - `to` cannot be the zero address.\n     * - `quantity` must be greater than 0.\n     *\n     * Emits a {Transfer} event.\n     */\n    function _mint(address to, uint256 quantity) internal {\n        uint256 startTokenId = _currentIndex;\n        if (to == address(0)) revert MintToZeroAddress();\n        if (quantity == 0) revert MintZeroQuantity();\n\n        _beforeTokenTransfers(address(0), to, startTokenId, quantity);\n\n        // Overflows are incredibly unrealistic.\n        // balance or numberMinted overflow if current value of either + quantity > 1.8e19 (2**64) - 1\n        // updatedIndex overflows if _currentIndex + quantity > 1.2e77 (2**256) - 1\n        unchecked {\n            // Updates:\n            // - `balance += quantity`.\n            // - `numberMinted += quantity`.\n            //\n            // We can directly add to the balance and number minted.\n            _packedAddressData[to] += quantity * ((1 << BITPOS_NUMBER_MINTED) | 1);\n\n            // Updates:\n            // - `address` to the owner.\n            // - `startTimestamp` to the timestamp of minting.\n            // - `burned` to `false`.\n            // - `nextInitialized` to `quantity == 1`.\n            _packedOwnerships[startTokenId] =\n                _addressToUint256(to) |\n                (block.timestamp << BITPOS_START_TIMESTAMP) |\n                (_boolToUint256(quantity == 1) << BITPOS_NEXT_INITIALIZED);\n\n            uint256 updatedIndex = startTokenId;\n            uint256 end = updatedIndex + quantity;\n\n            do {\n                emit Transfer(address(0), to, updatedIndex++);\n            } while (updatedIndex < end);\n\n            _currentIndex = updatedIndex;\n        }\n        _afterTokenTransfers(address(0), to, startTokenId, quantity);\n    }\n\n    /**\n     * @dev Transfers `tokenId` from `from` to `to`.\n     *\n     * Requirements:\n     *\n     * - `to` cannot be the zero address.\n     * - `tokenId` token must be owned by `from`.\n     *\n     * Emits a {Transfer} event.\n     */\n    function _transfer(\n        address from,\n        address to,\n        uint256 tokenId\n    ) private {\n        uint256 prevOwnershipPacked = _packedOwnershipOf(tokenId);\n\n        if (address(uint160(prevOwnershipPacked)) != from) revert TransferFromIncorrectOwner();\n\n        bool isApprovedOrOwner = (_msgSenderERC721A() == from ||\n            isApprovedForAll(from, _msgSenderERC721A()) ||\n            getApproved(tokenId) == _msgSenderERC721A());\n\n        if (!isApprovedOrOwner) revert TransferCallerNotOwnerNorApproved();\n        if (to == address(0)) revert TransferToZeroAddress();\n\n        _beforeTokenTransfers(from, to, tokenId, 1);\n\n        // Clear approvals from the previous owner.\n        delete _tokenApprovals[tokenId];\n\n        // Underflow of the sender's balance is impossible because we check for\n        // ownership above and the recipient's balance can't realistically overflow.\n        // Counter overflow is incredibly unrealistic as tokenId would have to be 2**256.\n        unchecked {\n            // We can directly increment and decrement the balances.\n            --_packedAddressData[from]; // Updates: `balance -= 1`.\n            ++_packedAddressData[to]; // Updates: `balance += 1`.\n\n            // Updates:\n            // - `address` to the next owner.\n            // - `startTimestamp` to the timestamp of transfering.\n            // - `burned` to `false`.\n            // - `nextInitialized` to `true`.\n            _packedOwnerships[tokenId] =\n                _addressToUint256(to) |\n                (block.timestamp << BITPOS_START_TIMESTAMP) |\n                BITMASK_NEXT_INITIALIZED;\n\n            // If the next slot may not have been initialized (i.e. `nextInitialized == false`) .\n            if (prevOwnershipPacked & BITMASK_NEXT_INITIALIZED == 0) {\n                uint256 nextTokenId = tokenId + 1;\n                // If the next slot's address is zero and not burned (i.e. packed value is zero).\n                if (_packedOwnerships[nextTokenId] == 0) {\n                    // If the next slot is within bounds.\n                    if (nextTokenId != _currentIndex) {\n                        // Initialize the next slot to maintain correctness for `ownerOf(tokenId + 1)`.\n                        _packedOwnerships[nextTokenId] = prevOwnershipPacked;\n                    }\n                }\n            }\n        }\n\n        emit Transfer(from, to, tokenId);\n        _afterTokenTransfers(from, to, tokenId, 1);\n    }\n\n    /**\n     * @dev Equivalent to `_burn(tokenId, false)`.\n     */\n    function _burn(uint256 tokenId) internal virtual {\n        _burn(tokenId, false);\n    }\n\n    /**\n     * @dev Destroys `tokenId`.\n     * The approval is cleared when the token is burned.\n     *\n     * Requirements:\n     *\n     * - `tokenId` must exist.\n     *\n     * Emits a {Transfer} event.\n     */\n    function _burn(uint256 tokenId, bool approvalCheck) internal virtual {\n        uint256 prevOwnershipPacked = _packedOwnershipOf(tokenId);\n\n        address from = address(uint160(prevOwnershipPacked));\n\n        if (approvalCheck) {\n            bool isApprovedOrOwner = (_msgSenderERC721A() == from ||\n                isApprovedForAll(from, _msgSenderERC721A()) ||\n                getApproved(tokenId) == _msgSenderERC721A());\n\n            if (!isApprovedOrOwner) revert TransferCallerNotOwnerNorApproved();\n        }\n\n        _beforeTokenTransfers(from, address(0), tokenId, 1);\n\n        // Clear approvals from the previous owner.\n        delete _tokenApprovals[tokenId];\n\n        // Underflow of the sender's balance is impossible because we check for\n        // ownership above and the recipient's balance can't realistically overflow.\n        // Counter overflow is incredibly unrealistic as tokenId would have to be 2**256.\n        unchecked {\n            // Updates:\n            // - `balance -= 1`.\n            // - `numberBurned += 1`.\n            //\n            // We can directly decrement the balance, and increment the number burned.\n            // This is equivalent to `packed -= 1; packed += 1 << BITPOS_NUMBER_BURNED;`.\n            _packedAddressData[from] += (1 << BITPOS_NUMBER_BURNED) - 1;\n\n            // Updates:\n            // - `address` to the last owner.\n            // - `startTimestamp` to the timestamp of burning.\n            // - `burned` to `true`.\n            // - `nextInitialized` to `true`.\n            _packedOwnerships[tokenId] =\n                _addressToUint256(from) |\n                (block.timestamp << BITPOS_START_TIMESTAMP) |\n                BITMASK_BURNED | \n                BITMASK_NEXT_INITIALIZED;\n\n            // If the next slot may not have been initialized (i.e. `nextInitialized == false`) .\n            if (prevOwnershipPacked & BITMASK_NEXT_INITIALIZED == 0) {\n                uint256 nextTokenId = tokenId + 1;\n                // If the next slot's address is zero and not burned (i.e. packed value is zero).\n                if (_packedOwnerships[nextTokenId] == 0) {\n                    // If the next slot is within bounds.\n                    if (nextTokenId != _currentIndex) {\n                        // Initialize the next slot to maintain correctness for `ownerOf(tokenId + 1)`.\n                        _packedOwnerships[nextTokenId] = prevOwnershipPacked;\n                    }\n                }\n            }\n        }\n\n        emit Transfer(from, address(0), tokenId);\n        _afterTokenTransfers(from, address(0), tokenId, 1);\n\n        // Overflow not possible, as _burnCounter cannot be exceed _currentIndex times.\n        unchecked {\n            _burnCounter++;\n        }\n    }\n\n    /**\n     * @dev Internal function to invoke {IERC721Receiver-onERC721Received} on a target contract.\n     *\n     * @param from address representing the previous owner of the given token ID\n     * @param to target address that will receive the tokens\n     * @param tokenId uint256 ID of the token to be transferred\n     * @param _data bytes optional data to send along with the call\n     * @return bool whether the call correctly returned the expected magic value\n     */\n    function _checkContractOnERC721Received(\n        address from,\n        address to,\n        uint256 tokenId,\n        bytes memory _data\n    ) private returns (bool) {\n        try ERC721A__IERC721Receiver(to).onERC721Received(_msgSenderERC721A(), from, tokenId, _data) returns (\n            bytes4 retval\n        ) {\n            return retval == ERC721A__IERC721Receiver(to).onERC721Received.selector;\n        } catch (bytes memory reason) {\n            if (reason.length == 0) {\n                revert TransferToNonERC721ReceiverImplementer();\n            } else {\n                assembly {\n                    revert(add(32, reason), mload(reason))\n                }\n            }\n        }\n    }\n\n    /**\n     * @dev Hook that is called before a set of serially-ordered token ids are about to be transferred. This includes minting.\n     * And also called before burning one token.\n     *\n     * startTokenId - the first token id to be transferred\n     * quantity - the amount to be transferred\n     *\n     * Calling conditions:\n     *\n     * - When `from` and `to` are both non-zero, `from`'s `tokenId` will be\n     * transferred to `to`.\n     * - When `from` is zero, `tokenId` will be minted for `to`.\n     * - When `to` is zero, `tokenId` will be burned by `from`.\n     * - `from` and `to` are never both zero.\n     */\n    function _beforeTokenTransfers(\n        address from,\n        address to,\n        uint256 startTokenId,\n        uint256 quantity\n    ) internal virtual {}\n\n    /**\n     * @dev Hook that is called after a set of serially-ordered token ids have been transferred. This includes\n     * minting.\n     * And also called after one token has been burned.\n     *\n     * startTokenId - the first token id to be transferred\n     * quantity - the amount to be transferred\n     *\n     * Calling conditions:\n     *\n     * - When `from` and `to` are both non-zero, `from`'s `tokenId` has been\n     * transferred to `to`.\n     * - When `from` is zero, `tokenId` has been minted for `to`.\n     * - When `to` is zero, `tokenId` has been burned by `from`.\n     * - `from` and `to` are never both zero.\n     */\n    function _afterTokenTransfers(\n        address from,\n        address to,\n        uint256 startTokenId,\n        uint256 quantity\n    ) internal virtual {}\n\n    /**\n     * @dev Returns the message sender (defaults to `msg.sender`).\n     *\n     * If you are writing GSN compatible contracts, you need to override this function.\n     */\n    function _msgSenderERC721A() internal view virtual returns (address) {\n        return msg.sender;\n    }\n\n    /**\n     * @dev Converts a `uint256` to its ASCII `string` decimal representation.\n     */\n    function _toString(uint256 value) internal pure returns (string memory ptr) {\n        assembly {\n            // The maximum value of a uint256 contains 78 digits (1 byte per digit), \n            // but we allocate 128 bytes to keep the free memory pointer 32-byte word aliged.\n            // We will need 1 32-byte word to store the length, \n            // and 3 32-byte words to store a maximum of 78 digits. Total: 32 + 3 * 32 = 128.\n            ptr := add(mload(0x40), 128)\n            // Update the free memory pointer to allocate.\n            mstore(0x40, ptr)\n\n            // Cache the end of the memory to calculate the length later.\n            let end := ptr\n\n            // We write the string from the rightmost digit to the leftmost digit.\n            // The following is essentially a do-while loop that also handles the zero case.\n            // Costs a bit more than early returning for the zero case,\n            // but cheaper in terms of deployment and overall runtime costs.\n            for { \n                // Initialize and perform the first pass without check.\n                let temp := value\n                // Move the pointer 1 byte leftwards to point to an empty character slot.\n                ptr := sub(ptr, 1)\n                // Write the character to the pointer. 48 is the ASCII index of '0'.\n                mstore8(ptr, add(48, mod(temp, 10)))\n                temp := div(temp, 10)\n            } temp { \n                // Keep dividing `temp` until zero.\n                temp := div(temp, 10)\n            } { // Body of the for loop.\n                ptr := sub(ptr, 1)\n                mstore8(ptr, add(48, mod(temp, 10)))\n            }\n            \n            let length := sub(end, ptr)\n            // Move the pointer 32 bytes leftwards to make room for the length.\n            ptr := sub(ptr, 32)\n            // Store the length.\n            mstore(ptr, length)\n        }\n    }\n}\n"
    },
    "erc721a/contracts/IERC721A.sol": {
      "content": "// SPDX-License-Identifier: MIT\n// ERC721A Contracts v4.0.0\n// Creator: Chiru Labs\n\npragma solidity ^0.8.4;\n\n/**\n * @dev Interface of an ERC721A compliant contract.\n */\ninterface IERC721A {\n    /**\n     * The caller must own the token or be an approved operator.\n     */\n    error ApprovalCallerNotOwnerNorApproved();\n\n    /**\n     * The token does not exist.\n     */\n    error ApprovalQueryForNonexistentToken();\n\n    /**\n     * The caller cannot approve to their own address.\n     */\n    error ApproveToCaller();\n\n    /**\n     * The caller cannot approve to the current owner.\n     */\n    error ApprovalToCurrentOwner();\n\n    /**\n     * Cannot query the balance for the zero address.\n     */\n    error BalanceQueryForZeroAddress();\n\n    /**\n     * Cannot mint to the zero address.\n     */\n    error MintToZeroAddress();\n\n    /**\n     * The quantity of tokens minted must be more than zero.\n     */\n    error MintZeroQuantity();\n\n    /**\n     * The token does not exist.\n     */\n    error OwnerQueryForNonexistentToken();\n\n    /**\n     * The caller must own the token or be an approved operator.\n     */\n    error TransferCallerNotOwnerNorApproved();\n\n    /**\n     * The token must be owned by `from`.\n     */\n    error TransferFromIncorrectOwner();\n\n    /**\n     * Cannot safely transfer to a contract that does not implement the ERC721Receiver interface.\n     */\n    error TransferToNonERC721ReceiverImplementer();\n\n    /**\n     * Cannot transfer to the zero address.\n     */\n    error TransferToZeroAddress();\n\n    /**\n     * The token does not exist.\n     */\n    error URIQueryForNonexistentToken();\n\n    struct TokenOwnership {\n        // The address of the owner.\n        address addr;\n        // Keeps track of the start time of ownership with minimal overhead for tokenomics.\n        uint64 startTimestamp;\n        // Whether the token has been burned.\n        bool burned;\n    }\n\n    /**\n     * @dev Returns the total amount of tokens stored by the contract.\n     *\n     * Burned tokens are calculated here, use `_totalMinted()` if you want to count just minted tokens.\n     */\n    function totalSupply() external view returns (uint256);\n\n    // ==============================\n    //            IERC165\n    // ==============================\n\n    /**\n     * @dev Returns true if this contract implements the interface defined by\n     * `interfaceId`. See the corresponding\n     * https://eips.ethereum.org/EIPS/eip-165#how-interfaces-are-identified[EIP section]\n     * to learn more about how these ids are created.\n     *\n     * This function call must use less than 30 000 gas.\n     */\n    function supportsInterface(bytes4 interfaceId) external view returns (bool);\n\n    // ==============================\n    //            IERC721\n    // ==============================\n\n    /**\n     * @dev Emitted when `tokenId` token is transferred from `from` to `to`.\n     */\n    event Transfer(address indexed from, address indexed to, uint256 indexed tokenId);\n\n    /**\n     * @dev Emitted when `owner` enables `approved` to manage the `tokenId` token.\n     */\n    event Approval(address indexed owner, address indexed approved, uint256 indexed tokenId);\n\n    /**\n     * @dev Emitted when `owner` enables or disables (`approved`) `operator` to manage all of its assets.\n     */\n    event ApprovalForAll(address indexed owner, address indexed operator, bool approved);\n\n    /**\n     * @dev Returns the number of tokens in ``owner``'s account.\n     */\n    function balanceOf(address owner) external view returns (uint256 balance);\n\n    /**\n     * @dev Returns the owner of the `tokenId` token.\n     *\n     * Requirements:\n     *\n     * - `tokenId` must exist.\n     */\n    function ownerOf(uint256 tokenId) external view returns (address owner);\n\n    /**\n     * @dev Safely transfers `tokenId` token from `from` to `to`.\n     *\n     * Requirements:\n     *\n     * - `from` cannot be the zero address.\n     * - `to` cannot be the zero address.\n     * - `tokenId` token must exist and be owned by `from`.\n     * - If the caller is not `from`, it must be approved to move this token by either {approve} or {setApprovalForAll}.\n     * - If `to` refers to a smart contract, it must implement {IERC721Receiver-onERC721Received}, which is called upon a safe transfer.\n     *\n     * Emits a {Transfer} event.\n     */\n    function safeTransferFrom(\n        address from,\n        address to,\n        uint256 tokenId,\n        bytes calldata data\n    ) external;\n\n    /**\n     * @dev Safely transfers `tokenId` token from `from` to `to`, checking first that contract recipients\n     * are aware of the ERC721 protocol to prevent tokens from being forever locked.\n     *\n     * Requirements:\n     *\n     * - `from` cannot be the zero address.\n     * - `to` cannot be the zero address.\n     * - `tokenId` token must exist and be owned by `from`.\n     * - If the caller is not `from`, it must be have been allowed to move this token by either {approve} or {setApprovalForAll}.\n     * - If `to` refers to a smart contract, it must implement {IERC721Receiver-onERC721Received}, which is called upon a safe transfer.\n     *\n     * Emits a {Transfer} event.\n     */\n    function safeTransferFrom(\n        address from,\n        address to,\n        uint256 tokenId\n    ) external;\n\n    /**\n     * @dev Transfers `tokenId` token from `from` to `to`.\n     *\n     * WARNING: Usage of this method is discouraged, use {safeTransferFrom} whenever possible.\n     *\n     * Requirements:\n     *\n     * - `from` cannot be the zero address.\n     * - `to` cannot be the zero address.\n     * - `tokenId` token must be owned by `from`.\n     * - If the caller is not `from`, it must be approved to move this token by either {approve} or {setApprovalForAll}.\n     *\n     * Emits a {Transfer} event.\n     */\n    function transferFrom(\n        address from,\n        address to,\n        uint256 tokenId\n    ) external;\n\n    /**\n     * @dev Gives permission to `to` to transfer `tokenId` token to another account.\n     * The approval is cleared when the token is transferred.\n     *\n     * Only a single account can be approved at a time, so approving the zero address clears previous approvals.\n     *\n     * Requirements:\n     *\n     * - The caller must own the token or be an approved operator.\n     * - `tokenId` must exist.\n     *\n     * Emits an {Approval} event.\n     */\n    function approve(address to, uint256 tokenId) external;\n\n    /**\n     * @dev Approve or remove `operator` as an operator for the caller.\n     * Operators can call {transferFrom} or {safeTransferFrom} for any token owned by the caller.\n     *\n     * Requirements:\n     *\n     * - The `operator` cannot be the caller.\n     *\n     * Emits an {ApprovalForAll} event.\n     */\n    function setApprovalForAll(address operator, bool _approved) external;\n\n    /**\n     * @dev Returns the account approved for `tokenId` token.\n     *\n     * Requirements:\n     *\n     * - `tokenId` must exist.\n     */\n    function getApproved(uint256 tokenId) external view returns (address operator);\n\n    /**\n     * @dev Returns if the `operator` is allowed to manage all of the assets of `owner`.\n     *\n     * See {setApprovalForAll}\n     */\n    function isApprovedForAll(address owner, address operator) external view returns (bool);\n\n    // ==============================\n    //        IERC721Metadata\n    // ==============================\n\n    /**\n     * @dev Returns the token collection name.\n     */\n    function name() external view returns (string memory);\n\n    /**\n     * @dev Returns the token collection symbol.\n     */\n    function symbol() external view returns (string memory);\n\n    /**\n     * @dev Returns the Uniform Resource Identifier (URI) for `tokenId` token.\n     */\n    function tokenURI(uint256 tokenId) external view returns (string memory);\n}\n"
    },
    "@openzeppelin/contracts/access/IAccessControl.sol": {
      "content": "// SPDX-License-Identifier: MIT\n// OpenZeppelin Contracts v4.4.1 (access/IAccessControl.sol)\n\npragma solidity ^0.8.0;\n\n/**\n * @dev External interface of AccessControl declared to support ERC165 detection.\n */\ninterface IAccessControl {\n    /**\n     * @dev Emitted when `newAdminRole` is set as ``role``'s admin role, replacing `previousAdminRole`\n     *\n     * `DEFAULT_ADMIN_ROLE` is the starting admin for all roles, despite\n     * {RoleAdminChanged} not being emitted signaling this.\n     *\n     * _Available since v3.1._\n     */\n    event RoleAdminChanged(bytes32 indexed role, bytes32 indexed previousAdminRole, bytes32 indexed newAdminRole);\n\n    /**\n     * @dev Emitted when `account` is granted `role`.\n     *\n     * `sender` is the account that originated the contract call, an admin role\n     * bearer except when using {AccessControl-_setupRole}.\n     */\n    event RoleGranted(bytes32 indexed role, address indexed account, address indexed sender);\n\n    /**\n     * @dev Emitted when `account` is revoked `role`.\n     *\n     * `sender` is the account that originated the contract call:\n     *   - if using `revokeRole`, it is the admin role bearer\n     *   - if using `renounceRole`, it is the role bearer (i.e. `account`)\n     */\n    event RoleRevoked(bytes32 indexed role, address indexed account, address indexed sender);\n\n    /**\n     * @dev Returns `true` if `account` has been granted `role`.\n     */\n    function hasRole(bytes32 role, address account) external view returns (bool);\n\n    /**\n     * @dev Returns the admin role that controls `role`. See {grantRole} and\n     * {revokeRole}.\n     *\n     * To change a role's admin, use {AccessControl-_setRoleAdmin}.\n     */\n    function getRoleAdmin(bytes32 role) external view returns (bytes32);\n\n    /**\n     * @dev Grants `role` to `account`.\n     *\n     * If `account` had not been already granted `role`, emits a {RoleGranted}\n     * event.\n     *\n     * Requirements:\n     *\n     * - the caller must have ``role``'s admin role.\n     */\n    function grantRole(bytes32 role, address account) external;\n\n    /**\n     * @dev Revokes `role` from `account`.\n     *\n     * If `account` had been granted `role`, emits a {RoleRevoked} event.\n     *\n     * Requirements:\n     *\n     * - the caller must have ``role``'s admin role.\n     */\n    function revokeRole(bytes32 role, address account) external;\n\n    /**\n     * @dev Revokes `role` from the calling account.\n     *\n     * Roles are often managed via {grantRole} and {revokeRole}: this function's\n     * purpose is to provide a mechanism for accounts to lose their privileges\n     * if they are compromised (such as when a trusted device is misplaced).\n     *\n     * If the calling account had been granted `role`, emits a {RoleRevoked}\n     * event.\n     *\n     * Requirements:\n     *\n     * - the caller must be `account`.\n     */\n    function renounceRole(bytes32 role, address account) external;\n}\n"
    },
    "@openzeppelin/contracts/utils/Context.sol": {
      "content": "// SPDX-License-Identifier: MIT\n// OpenZeppelin Contracts v4.4.1 (utils/Context.sol)\n\npragma solidity ^0.8.0;\n\n/**\n * @dev Provides information about the current execution context, including the\n * sender of the transaction and its data. While these are generally available\n * via msg.sender and msg.data, they should not be accessed in such a direct\n * manner, since when dealing with meta-transactions the account sending and\n * paying for execution may not be the actual sender (as far as an application\n * is concerned).\n *\n * This contract is only required for intermediate, library-like contracts.\n */\nabstract contract Context {\n    function _msgSender() internal view virtual returns (address) {\n        return msg.sender;\n    }\n\n    function _msgData() internal view virtual returns (bytes calldata) {\n        return msg.data;\n    }\n}\n"
    },
    "@openzeppelin/contracts/utils/Strings.sol": {
      "content": "// SPDX-License-Identifier: MIT\n// OpenZeppelin Contracts v4.4.1 (utils/Strings.sol)\n\npragma solidity ^0.8.0;\n\n/**\n * @dev String operations.\n */\nlibrary Strings {\n    bytes16 private constant _HEX_SYMBOLS = \"0123456789abcdef\";\n\n    /**\n     * @dev Converts a `uint256` to its ASCII `string` decimal representation.\n     */\n    function toString(uint256 value) internal pure returns (string memory) {\n        // Inspired by OraclizeAPI's implementation - MIT licence\n        // https://github.com/oraclize/ethereum-api/blob/b42146b063c7d6ee1358846c198246239e9360e8/oraclizeAPI_0.4.25.sol\n\n        if (value == 0) {\n            return \"0\";\n        }\n        uint256 temp = value;\n        uint256 digits;\n        while (temp != 0) {\n            digits++;\n            temp /= 10;\n        }\n        bytes memory buffer = new bytes(digits);\n        while (value != 0) {\n            digits -= 1;\n            buffer[digits] = bytes1(uint8(48 + uint256(value % 10)));\n            value /= 10;\n        }\n        return string(buffer);\n    }\n\n    /**\n     * @dev Converts a `uint256` to its ASCII `string` hexadecimal representation.\n     */\n    function toHexString(uint256 value) internal pure returns (string memory) {\n        if (value == 0) {\n            return \"0x00\";\n        }\n        uint256 temp = value;\n        uint256 length = 0;\n        while (temp != 0) {\n            length++;\n            temp >>= 8;\n        }\n        return toHexString(value, length);\n    }\n\n    /**\n     * @dev Converts a `uint256` to its ASCII `string` hexadecimal representation with fixed length.\n     */\n    function toHexString(uint256 value, uint256 length) internal pure returns (string memory) {\n        bytes memory buffer = new bytes(2 * length + 2);\n        buffer[0] = \"0\";\n        buffer[1] = \"x\";\n        for (uint256 i = 2 * length + 1; i > 1; --i) {\n            buffer[i] = _HEX_SYMBOLS[value & 0xf];\n            value >>= 4;\n        }\n        require(value == 0, \"Strings: hex length insufficient\");\n        return string(buffer);\n    }\n}\n"
    },
    "@openzeppelin/contracts/utils/introspection/ERC165.sol": {
      "content": "// SPDX-License-Identifier: MIT\n// OpenZeppelin Contracts v4.4.1 (utils/introspection/ERC165.sol)\n\npragma solidity ^0.8.0;\n\nimport \"./IERC165.sol\";\n\n/**\n * @dev Implementation of the {IERC165} interface.\n *\n * Contracts that want to implement ERC165 should inherit from this contract and override {supportsInterface} to check\n * for the additional interface id that will be supported. For example:\n *\n * ```solidity\n * function supportsInterface(bytes4 interfaceId) public view virtual override returns (bool) {\n *     return interfaceId == type(MyInterface).interfaceId || super.supportsInterface(interfaceId);\n * }\n * ```\n *\n * Alternatively, {ERC165Storage} provides an easier to use but more expensive implementation.\n */\nabstract contract ERC165 is IERC165 {\n    /**\n     * @dev See {IERC165-supportsInterface}.\n     */\n    function supportsInterface(bytes4 interfaceId) public view virtual override returns (bool) {\n        return interfaceId == type(IERC165).interfaceId;\n    }\n}\n"
    },
    "@openzeppelin/contracts/utils/introspection/IERC165.sol": {
      "content": "// SPDX-License-Identifier: MIT\n// OpenZeppelin Contracts v4.4.1 (utils/introspection/IERC165.sol)\n\npragma solidity ^0.8.0;\n\n/**\n * @dev Interface of the ERC165 standard, as defined in the\n * https://eips.ethereum.org/EIPS/eip-165[EIP].\n *\n * Implementers can declare support of contract interfaces, which can then be\n * queried by others ({ERC165Checker}).\n *\n * For an implementation, see {ERC165}.\n */\ninterface IERC165 {\n    /**\n     * @dev Returns true if this contract implements the interface defined by\n     * `interfaceId`. See the corresponding\n     * https://eips.ethereum.org/EIPS/eip-165#how-interfaces-are-identified[EIP section]\n     * to learn more about how these ids are created.\n     *\n     * This function call must use less than 30 000 gas.\n     */\n    function supportsInterface(bytes4 interfaceId) external view returns (bool);\n}\n"
    },
    "@openzeppelin/contracts/interfaces/IERC2981.sol": {
      "content": "// SPDX-License-Identifier: MIT\n// OpenZeppelin Contracts (last updated v4.5.0) (interfaces/IERC2981.sol)\n\npragma solidity ^0.8.0;\n\nimport \"./IERC165.sol\";\n\n/**\n * @dev Interface for the NFT Royalty Standard.\n *\n * A standardized way to retrieve royalty payment information for non-fungible tokens (NFTs) to enable universal\n * support for royalty payments across all NFT marketplaces and ecosystem participants.\n *\n * _Available since v4.5._\n */\ninterface IERC2981 is IERC165 {\n    /**\n     * @dev Returns how much royalty is owed and to whom, based on a sale price that may be denominated in any unit of\n     * exchange. The royalty amount is denominated and should be payed in that same unit of exchange.\n     */\n    function royaltyInfo(uint256 tokenId, uint256 salePrice)\n        external\n        view\n        returns (address receiver, uint256 royaltyAmount);\n}\n"
    },
    "@openzeppelin/contracts/interfaces/IERC165.sol": {
      "content": "// SPDX-License-Identifier: MIT\n// OpenZeppelin Contracts v4.4.1 (interfaces/IERC165.sol)\n\npragma solidity ^0.8.0;\n\nimport \"../utils/introspection/IERC165.sol\";\n"
    }
  },
  "settings": {
    "optimizer": {
      "enabled": false,
      "runs": 200
    },
    "outputSelection": {
      "*": {
        "*": [
          "evm.bytecode",
          "evm.deployedBytecode",
          "devdoc",
          "userdoc",
          "metadata",
          "abi"
        ]
      }
    },
    "libraries": {}
  }
}