[{"inputs":[],"name":"R","type":"error"},{"inputs":[],"name":"T","type":"error"},{"inputs":[],"name":"PRECISION","outputs":[{"internalType":"uint256","name":"","type":"uint256"}],"stateMutability":"view","type":"function"},{"inputs":[{"internalType":"address","name":"v3Pool","type":"address"},{"internalType":"bool","name":"zeroForOne","type":"bool"},{"internalType":"int256","name":"amountSpecified","type":"int256"},{"internalType":"uint160","name":"sqrtPriceLimitX96","type":"uint160"}],"name":"simulateSwap","outputs":[{"internalType":"int256","name":"","type":"int256"},{"internalType":"int256","name":"","type":"int256"}],"stateMutability":"view","type":"function"}]