[{"inputs":[{"internalType":"uint8","name":"_xDecimals","type":"uint8"},{"internalType":"uint8","name":"_yDecimals","type":"uint8"}],"stateMutability":"nonpayable","type":"constructor"},{"anonymous":false,"inputs":[{"indexed":false,"internalType":"address","name":"owner","type":"address"}],"name":"OwnerSet","type":"event"},{"anonymous":false,"inputs":[{"indexed":false,"internalType":"address","name":"uniswapPair","type":"address"}],"name":"UniswapPairSet","type":"event"},{"inputs":[],"name":"decimalsConverter","outputs":[{"internalType":"int256","name":"","type":"int256"}],"stateMutability":"view","type":"function"},{"inputs":[{"internalType":"uint256","name":"xLeft","type":"uint256"},{"internalType":"uint256","name":"xBefore","type":"uint256"},{"internalType":"uint256","name":"yBefore","type":"uint256"},{"internalType":"bytes","name":"data","type":"bytes"}],"name":"depositTradeXIn","outputs":[{"internalType":"uint256","name":"","type":"uint256"}],"stateMutability":"view","type":"function"},{"inputs":[{"internalType":"uint256","name":"yLeft","type":"uint256"},{"internalType":"uint256","name":"xBefore","type":"uint256"},{"internalType":"uint256","name":"yBefore","type":"uint256"},{"internalType":"bytes","name":"data","type":"bytes"}],"name":"depositTradeYIn","outputs":[{"internalType":"uint256","name":"","type":"uint256"}],"stateMutability":"view","type":"function"},{"inputs":[{"internalType":"uint256","name":"priceAccumulator","type":"uint256"},{"internalType":"uint32","name":"priceTimestamp","type":"uint32"}],"name":"getAveragePrice","outputs":[{"internalType":"uint256","name":"","type":"uint256"}],"stateMutability":"view","type":"function"},{"inputs":[],"name":"getPriceInfo","outputs":[{"internalType":"uint256","name":"priceAccumulator","type":"uint256"},{"internalType":"uint32","name":"priceTimestamp","type":"uint32"}],"stateMutability":"view","type":"function"},{"inputs":[],"name":"getSpotPrice","outputs":[{"internalType":"uint256","name":"","type":"uint256"}],"stateMutability":"view","type":"function"},{"inputs":[],"name":"owner","outputs":[{"internalType":"address","name":"","type":"address"}],"stateMutability":"view","type":"function"},{"inputs":[{"internalType":"address","name":"_owner","type":"address"}],"name":"setOwner","outputs":[],"stateMutability":"nonpayable","type":"function"},{"inputs":[{"internalType":"address","name":"_uniswapPair","type":"address"}],"name":"setUniswapPair","outputs":[],"stateMutability":"nonpayable","type":"function"},{"inputs":[{"internalType":"uint256","name":"xAfter","type":"uint256"},{"internalType":"uint256","name":"xBefore","type":"uint256"},{"internalType":"uint256","name":"yBefore","type":"uint256"},{"internalType":"bytes","name":"data","type":"bytes"}],"name":"tradeX","outputs":[{"internalType":"uint256","name":"yAfter","type":"uint256"}],"stateMutability":"view","type":"function"},{"inputs":[{"internalType":"uint256","name":"yAfter","type":"uint256"},{"internalType":"uint256","name":"xBefore","type":"uint256"},{"internalType":"uint256","name":"yBefore","type":"uint256"},{"internalType":"bytes","name":"data","type":"bytes"}],"name":"tradeY","outputs":[{"internalType":"uint256","name":"xAfter","type":"uint256"}],"stateMutability":"view","type":"function"},{"inputs":[],"name":"uniswapPair","outputs":[{"internalType":"address","name":"","type":"address"}],"stateMutability":"view","type":"function"},{"inputs":[],"name":"xDecimals","outputs":[{"internalType":"uint8","name":"","type":"uint8"}],"stateMutability":"view","type":"function"},{"inputs":[],"name":"yDecimals","outputs":[{"internalType":"uint8","name":"","type":"uint8"}],"stateMutability":"view","type":"function"}]