[{"inputs":[{"internalType":"uint256","name":"timestamp","type":"uint256"}],"name":"getDay","outputs":[{"internalType":"uint8","name":"","type":"uint8"}],"stateMutability":"pure","type":"function"},{"inputs":[{"internalType":"uint8","name":"month","type":"uint8"},{"internalType":"uint16","name":"year","type":"uint16"}],"name":"getDaysInMonth","outputs":[{"internalType":"uint8","name":"","type":"uint8"}],"stateMutability":"pure","type":"function"},{"inputs":[{"internalType":"uint256","name":"timestamp","type":"uint256"}],"name":"getHour","outputs":[{"internalType":"uint8","name":"","type":"uint8"}],"stateMutability":"pure","type":"function"},{"inputs":[{"internalType":"uint256","name":"timestamp","type":"uint256"}],"name":"getMinute","outputs":[{"internalType":"uint8","name":"","type":"uint8"}],"stateMutability":"pure","type":"function"},{"inputs":[{"internalType":"uint256","name":"timestamp","type":"uint256"}],"name":"getMonth","outputs":[{"internalType":"uint8","name":"","type":"uint8"}],"stateMutability":"pure","type":"function"},{"inputs":[{"internalType":"uint256","name":"timestamp","type":"uint256"}],"name":"getSecond","outputs":[{"internalType":"uint8","name":"","type":"uint8"}],"stateMutability":"pure","type":"function"},{"inputs":[{"internalType":"uint256","name":"timestamp","type":"uint256"}],"name":"getWeekday","outputs":[{"internalType":"uint8","name":"","type":"uint8"}],"stateMutability":"pure","type":"function"},{"inputs":[{"internalType":"uint256","name":"timestamp","type":"uint256"}],"name":"getYear","outputs":[{"internalType":"uint16","name":"","type":"uint16"}],"stateMutability":"pure","type":"function"},{"inputs":[{"internalType":"uint16","name":"year","type":"uint16"}],"name":"isLeapYear","outputs":[{"internalType":"bool","name":"","type":"bool"}],"stateMutability":"pure","type":"function"},{"inputs":[{"internalType":"uint256","name":"year","type":"uint256"}],"name":"leapYearsBefore","outputs":[{"internalType":"uint256","name":"","type":"uint256"}],"stateMutability":"pure","type":"function"},{"inputs":[{"internalType":"uint16","name":"year","type":"uint16"},{"internalType":"uint8","name":"month","type":"uint8"},{"internalType":"uint8","name":"day","type":"uint8"},{"internalType":"uint8","name":"hour","type":"uint8"},{"internalType":"uint8","name":"minute","type":"uint8"}],"name":"toTimestamp","outputs":[{"internalType":"uint256","name":"timestamp","type":"uint256"}],"stateMutability":"pure","type":"function"},{"inputs":[{"internalType":"uint16","name":"year","type":"uint16"},{"internalType":"uint8","name":"month","type":"uint8"},{"internalType":"uint8","name":"day","type":"uint8"},{"internalType":"uint8","name":"hour","type":"uint8"}],"name":"toTimestamp","outputs":[{"internalType":"uint256","name":"timestamp","type":"uint256"}],"stateMutability":"pure","type":"function"},{"inputs":[{"internalType":"uint16","name":"year","type":"uint16"},{"internalType":"uint8","name":"month","type":"uint8"},{"internalType":"uint8","name":"day","type":"uint8"}],"name":"toTimestamp","outputs":[{"internalType":"uint256","name":"timestamp","type":"uint256"}],"stateMutability":"pure","type":"function"},{"inputs":[{"internalType":"uint16","name":"year","type":"uint16"},{"internalType":"uint8","name":"month","type":"uint8"},{"internalType":"uint8","name":"day","type":"uint8"},{"internalType":"uint8","name":"hour","type":"uint8"},{"internalType":"uint8","name":"minute","type":"uint8"},{"internalType":"uint8","name":"second","type":"uint8"}],"name":"toTimestamp","outputs":[{"internalType":"uint256","name":"timestamp","type":"uint256"}],"stateMutability":"pure","type":"function"}]