[{"inputs":[{"internalType":"address","name":"_providerA","type":"address"},{"internalType":"address","name":"_providerB","type":"address"},{"internalType":"address","name":"_referenceToken","type":"address"},{"internalType":"address","name":"_pool","type":"address"},{"internalType":"uint24","name":"_ticksFromCurrent","type":"uint24"}],"stateMutability":"nonpayable","type":"constructor"},{"inputs":[],"name":"T","type":"error"},{"anonymous":false,"inputs":[{"indexed":true,"internalType":"address","name":"clone","type":"address"}],"name":"Cloned","type":"event"},{"inputs":[],"name":"autoProtectionDisabled","outputs":[{"internalType":"bool","name":"","type":"bool"}],"stateMutability":"view","type":"function"},{"inputs":[],"name":"balanceOfA","outputs":[{"internalType":"uint256","name":"","type":"uint256"}],"stateMutability":"view","type":"function"},{"inputs":[],"name":"balanceOfB","outputs":[{"internalType":"uint256","name":"","type":"uint256"}],"stateMutability":"view","type":"function"},{"inputs":[],"name":"balanceOfPool","outputs":[{"internalType":"uint256","name":"liquidity","type":"uint256"}],"stateMutability":"view","type":"function"},{"inputs":[],"name":"balanceOfRewardToken","outputs":[{"internalType":"uint256[]","name":"","type":"uint256[]"}],"stateMutability":"view","type":"function"},{"inputs":[],"name":"balanceOfStake","outputs":[{"internalType":"uint256","name":"_balance","type":"uint256"}],"stateMutability":"view","type":"function"},{"inputs":[],"name":"balanceOfTokensInLP","outputs":[{"internalType":"uint256","name":"_balanceA","type":"uint256"},{"internalType":"uint256","name":"_balanceB","type":"uint256"}],"stateMutability":"view","type":"function"},{"inputs":[{"internalType":"uint256","name":"_amount","type":"uint256"},{"internalType":"int24","name":"_minTick","type":"int24"},{"internalType":"int24","name":"_maxTick","type":"int24"}],"name":"burnLPManually","outputs":[],"stateMutability":"nonpayable","type":"function"},{"inputs":[{"internalType":"address","name":"_providerA","type":"address"},{"internalType":"address","name":"_providerB","type":"address"},{"internalType":"address","name":"_referenceToken","type":"address"},{"internalType":"address","name":"_pool","type":"address"},{"internalType":"uint24","name":"_ticksFromCurrent","type":"uint24"}],"name":"cloneUniV3StablesJoint","outputs":[{"internalType":"address","name":"newJoint","type":"address"}],"stateMutability":"nonpayable","type":"function"},{"inputs":[],"name":"closePositionReturnFunds","outputs":[],"stateMutability":"nonpayable","type":"function"},{"inputs":[],"name":"crvPool","outputs":[{"internalType":"address","name":"","type":"address"}],"stateMutability":"view","type":"function"},{"inputs":[],"name":"dontInvestWant","outputs":[{"internalType":"bool","name":"","type":"bool"}],"stateMutability":"view","type":"function"},{"inputs":[],"name":"estimatedTotalAssetsAfterBalance","outputs":[{"internalType":"uint256","name":"_aBalance","type":"uint256"},{"internalType":"uint256","name":"_bBalance","type":"uint256"}],"stateMutability":"view","type":"function"},{"inputs":[{"internalType":"address","name":"_provider","type":"address"}],"name":"estimatedTotalProviderAssets","outputs":[{"internalType":"uint256","name":"_balance","type":"uint256"}],"stateMutability":"view","type":"function"},{"inputs":[{"internalType":"address","name":"token","type":"address"}],"name":"getHedgeBudget","outputs":[{"internalType":"uint256","name":"","type":"uint256"}],"stateMutability":"view","type":"function"},{"inputs":[],"name":"getHedgeProfit","outputs":[{"internalType":"uint256","name":"","type":"uint256"},{"internalType":"uint256","name":"","type":"uint256"}],"stateMutability":"view","type":"function"},{"inputs":[{"internalType":"uint256","name":"currentA","type":"uint256"},{"internalType":"uint256","name":"currentB","type":"uint256"},{"internalType":"uint256","name":"startingA","type":"uint256"},{"internalType":"uint256","name":"startingB","type":"uint256"}],"name":"getRatios","outputs":[{"internalType":"uint256","name":"_a","type":"uint256"},{"internalType":"uint256","name":"_b","type":"uint256"}],"stateMutability":"pure","type":"function"},{"inputs":[],"name":"getTimeToMaturity","outputs":[{"internalType":"uint256","name":"","type":"uint256"}],"stateMutability":"view","type":"function"},{"inputs":[],"name":"harvest","outputs":[],"stateMutability":"nonpayable","type":"function"},{"inputs":[{"internalType":"uint256","name":"callCost","type":"uint256"}],"name":"harvestTrigger","outputs":[{"internalType":"bool","name":"","type":"bool"}],"stateMutability":"view","type":"function"},{"inputs":[{"internalType":"address","name":"_providerA","type":"address"},{"internalType":"address","name":"_providerB","type":"address"},{"internalType":"address","name":"_referenceToken","type":"address"},{"internalType":"address","name":"_pool","type":"address"},{"internalType":"uint24","name":"_ticksFromCurrent","type":"uint24"}],"name":"initialize","outputs":[],"stateMutability":"nonpayable","type":"function"},{"inputs":[],"name":"investedA","outputs":[{"internalType":"uint256","name":"","type":"uint256"}],"stateMutability":"view","type":"function"},{"inputs":[],"name":"investedB","outputs":[{"internalType":"uint256","name":"","type":"uint256"}],"stateMutability":"view","type":"function"},{"inputs":[],"name":"isOriginal","outputs":[{"internalType":"bool","name":"","type":"bool"}],"stateMutability":"view","type":"function"},{"inputs":[{"internalType":"uint256","name":"expectedBalanceA","type":"uint256"},{"internalType":"uint256","name":"expectedBalanceB","type":"uint256"}],"name":"liquidatePositionManually","outputs":[],"stateMutability":"nonpayable","type":"function"},{"inputs":[],"name":"maxPercentageLoss","outputs":[{"internalType":"uint256","name":"","type":"uint256"}],"stateMutability":"view","type":"function"},{"inputs":[],"name":"maxTick","outputs":[{"internalType":"int24","name":"","type":"int24"}],"stateMutability":"view","type":"function"},{"inputs":[{"internalType":"address","name":"_newProvider","type":"address"}],"name":"migrateProvider","outputs":[],"stateMutability":"nonpayable","type":"function"},{"inputs":[],"name":"minAmountToSell","outputs":[{"internalType":"uint256","name":"","type":"uint256"}],"stateMutability":"view","type":"function"},{"inputs":[],"name":"minRewardToHarvest","outputs":[{"internalType":"uint256","name":"","type":"uint256"}],"stateMutability":"view","type":"function"},{"inputs":[],"name":"minTick","outputs":[{"internalType":"int24","name":"","type":"int24"}],"stateMutability":"view","type":"function"},{"inputs":[],"name":"name","outputs":[{"internalType":"string","name":"","type":"string"}],"stateMutability":"view","type":"function"},{"inputs":[],"name":"openPosition","outputs":[],"stateMutability":"nonpayable","type":"function"},{"inputs":[],"name":"pendingRewards","outputs":[{"internalType":"uint256[]","name":"","type":"uint256[]"}],"stateMutability":"view","type":"function"},{"inputs":[],"name":"pool","outputs":[{"internalType":"address","name":"","type":"address"}],"stateMutability":"view","type":"function"},{"inputs":[],"name":"providerA","outputs":[{"internalType":"contract ProviderStrategy","name":"","type":"address"}],"stateMutability":"view","type":"function"},{"inputs":[],"name":"providerB","outputs":[{"internalType":"contract ProviderStrategy","name":"","type":"address"}],"stateMutability":"view","type":"function"},{"inputs":[],"name":"referenceToken","outputs":[{"internalType":"address","name":"","type":"address"}],"stateMutability":"view","type":"function"},{"inputs":[{"internalType":"uint256","name":"amount","type":"uint256"},{"internalType":"uint256","name":"expectedBalanceA","type":"uint256"},{"internalType":"uint256","name":"expectedBalanceB","type":"uint256"}],"name":"removeLiquidityManually","outputs":[],"stateMutability":"nonpayable","type":"function"},{"inputs":[],"name":"returnLooseToProvidersManually","outputs":[],"stateMutability":"nonpayable","type":"function"},{"inputs":[{"internalType":"uint256","name":"","type":"uint256"}],"name":"rewardTokens","outputs":[{"internalType":"address","name":"","type":"address"}],"stateMutability":"view","type":"function"},{"inputs":[{"internalType":"bool","name":"_autoProtectionDisabled","type":"bool"}],"name":"setAutoProtectionDisabled","outputs":[],"stateMutability":"nonpayable","type":"function"},{"inputs":[{"internalType":"bool","name":"_dontInvestWant","type":"bool"}],"name":"setDontInvestWant","outputs":[],"stateMutability":"nonpayable","type":"function"},{"inputs":[{"internalType":"uint256","name":"_maxPercentageLoss","type":"uint256"}],"name":"setMaxPercentageLoss","outputs":[],"stateMutability":"nonpayable","type":"function"},{"inputs":[{"internalType":"uint256","name":"_minAmountToSell","type":"uint256"}],"name":"setMinAmountToSell","outputs":[],"stateMutability":"nonpayable","type":"function"},{"inputs":[{"internalType":"uint256","name":"_minRewardToHarvest","type":"uint256"}],"name":"setMinRewardToHarvest","outputs":[],"stateMutability":"nonpayable","type":"function"},{"inputs":[{"internalType":"uint24","name":"_ticksFromCurrent","type":"uint24"}],"name":"setTicksFromCurrent","outputs":[],"stateMutability":"nonpayable","type":"function"},{"inputs":[{"internalType":"int24","name":"_minTick","type":"int24"},{"internalType":"int24","name":"_maxTick","type":"int24"},{"internalType":"bool","name":"forceChange","type":"bool"}],"name":"setTicksManually","outputs":[],"stateMutability":"nonpayable","type":"function"},{"inputs":[{"internalType":"address","name":"_pool","type":"address"}],"name":"setUniPool","outputs":[],"stateMutability":"nonpayable","type":"function"},{"inputs":[{"internalType":"bool","name":"_useCRVPool","type":"bool"}],"name":"setUseCRVPool","outputs":[],"stateMutability":"nonpayable","type":"function"},{"inputs":[],"name":"shouldEndEpoch","outputs":[{"internalType":"bool","name":"","type":"bool"}],"stateMutability":"view","type":"function"},{"inputs":[],"name":"shouldStartEpoch","outputs":[{"internalType":"bool","name":"","type":"bool"}],"stateMutability":"view","type":"function"},{"inputs":[{"internalType":"bool","name":"sellA","type":"bool"},{"internalType":"uint256","name":"swapInAmount","type":"uint256"},{"internalType":"uint256","name":"","type":"uint256"}],"name":"swapTokenForTokenManually","outputs":[{"internalType":"uint256","name":"","type":"uint256"}],"stateMutability":"nonpayable","type":"function"},{"inputs":[{"internalType":"address","name":"_token","type":"address"}],"name":"sweep","outputs":[],"stateMutability":"nonpayable","type":"function"},{"inputs":[],"name":"ticksFromCurrent","outputs":[{"internalType":"uint24","name":"","type":"uint24"}],"stateMutability":"view","type":"function"},{"inputs":[],"name":"tokenA","outputs":[{"internalType":"address","name":"","type":"address"}],"stateMutability":"view","type":"function"},{"inputs":[],"name":"tokenB","outputs":[{"internalType":"address","name":"","type":"address"}],"stateMutability":"view","type":"function"},{"inputs":[{"internalType":"uint256","name":"amount0Owed","type":"uint256"},{"internalType":"uint256","name":"amount1Owed","type":"uint256"},{"internalType":"bytes","name":"data","type":"bytes"}],"name":"uniswapV3MintCallback","outputs":[],"stateMutability":"nonpayable","type":"function"},{"inputs":[{"internalType":"int256","name":"amount0Delta","type":"int256"},{"internalType":"int256","name":"amount1Delta","type":"int256"},{"internalType":"bytes","name":"data","type":"bytes"}],"name":"uniswapV3SwapCallback","outputs":[],"stateMutability":"nonpayable","type":"function"},{"inputs":[],"name":"useCRVPool","outputs":[{"internalType":"bool","name":"","type":"bool"}],"stateMutability":"view","type":"function"}]