[{"inputs":[{"internalType":"address","name":"_registry","type":"address"},{"internalType":"address","name":"_wrld","type":"address"},{"internalType":"address","name":"_whitelist","type":"address"}],"stateMutability":"nonpayable","type":"constructor"},{"anonymous":false,"inputs":[{"indexed":true,"internalType":"address","name":"previousOwner","type":"address"},{"indexed":true,"internalType":"address","name":"newOwner","type":"address"}],"name":"OwnershipTransferred","type":"event"},{"inputs":[{"internalType":"uint256","name":"","type":"uint256"}],"name":"annualWrldPrices","outputs":[{"internalType":"uint256","name":"","type":"uint256"}],"stateMutability":"view","type":"function"},{"inputs":[],"name":"enableRegistration","outputs":[],"stateMutability":"nonpayable","type":"function"},{"inputs":[{"internalType":"string[]","name":"_names","type":"string[]"},{"internalType":"uint16[]","name":"_additionalYears","type":"uint16[]"}],"name":"extendRegistration","outputs":[],"stateMutability":"nonpayable","type":"function"},{"inputs":[{"internalType":"string","name":"_name","type":"string"}],"name":"getRegistrationPrice","outputs":[{"internalType":"uint256","name":"price","type":"uint256"}],"stateMutability":"view","type":"function"},{"inputs":[],"name":"owner","outputs":[{"internalType":"address","name":"","type":"address"}],"stateMutability":"view","type":"function"},{"inputs":[{"internalType":"string[]","name":"_names","type":"string[]"},{"internalType":"uint16[]","name":"_registrationYears","type":"uint16[]"}],"name":"register","outputs":[],"stateMutability":"nonpayable","type":"function"},{"inputs":[{"internalType":"string[]","name":"_names","type":"string[]"}],"name":"registerWithPass","outputs":[],"stateMutability":"nonpayable","type":"function"},{"inputs":[],"name":"registrationEnabled","outputs":[{"internalType":"bool","name":"","type":"bool"}],"stateMutability":"view","type":"function"},{"inputs":[],"name":"renounceOwnership","outputs":[],"stateMutability":"nonpayable","type":"function"},{"inputs":[{"internalType":"uint256[]","name":"_annualWrldPrices","type":"uint256[]"}],"name":"setAnnualWrldPrices","outputs":[],"stateMutability":"nonpayable","type":"function"},{"inputs":[{"internalType":"address","name":"_approvedWithdrawer","type":"address"}],"name":"setApprovedWithdrawer","outputs":[],"stateMutability":"nonpayable","type":"function"},{"inputs":[{"internalType":"address","name":"newOwner","type":"address"}],"name":"transferOwnership","outputs":[],"stateMutability":"nonpayable","type":"function"},{"inputs":[{"internalType":"address","name":"toAddress","type":"address"}],"name":"withdrawWrld","outputs":[],"stateMutability":"nonpayable","type":"function"}]