[{"inputs":[{"internalType":"uint32","name":"_localDomain","type":"uint32"},{"internalType":"uint256","name":"_recoveryTimelock","type":"uint256"}],"stateMutability":"nonpayable","type":"constructor"},{"anonymous":false,"inputs":[{"indexed":true,"internalType":"bytes32","name":"batchHash","type":"bytes32"}],"name":"BatchExecuted","type":"event"},{"anonymous":false,"inputs":[{"indexed":true,"internalType":"bytes32","name":"batchHash","type":"bytes32"}],"name":"BatchReceived","type":"event"},{"anonymous":false,"inputs":[{"indexed":false,"internalType":"address","name":"recoveryManager","type":"address"}],"name":"ExitRecovery","type":"event"},{"anonymous":false,"inputs":[{"indexed":true,"internalType":"address","name":"recoveryManager","type":"address"},{"indexed":false,"internalType":"uint256","name":"recoveryActiveAt","type":"uint256"}],"name":"InitiateRecovery","type":"event"},{"anonymous":false,"inputs":[{"indexed":true,"internalType":"uint32","name":"domain","type":"uint32"},{"indexed":false,"internalType":"bytes32","name":"previousRouter","type":"bytes32"},{"indexed":false,"internalType":"bytes32","name":"newRouter","type":"bytes32"}],"name":"SetRouter","type":"event"},{"anonymous":false,"inputs":[{"indexed":false,"internalType":"uint32","name":"previousGovernorDomain","type":"uint32"},{"indexed":false,"internalType":"uint32","name":"newGovernorDomain","type":"uint32"},{"indexed":true,"internalType":"address","name":"previousGovernor","type":"address"},{"indexed":true,"internalType":"address","name":"newGovernor","type":"address"}],"name":"TransferGovernor","type":"event"},{"anonymous":false,"inputs":[{"indexed":true,"internalType":"address","name":"previousRecoveryManager","type":"address"},{"indexed":true,"internalType":"address","name":"newRecoveryManager","type":"address"}],"name":"TransferRecoveryManager","type":"event"},{"inputs":[],"name":"VERSION","outputs":[{"internalType":"uint8","name":"","type":"uint8"}],"stateMutability":"view","type":"function"},{"inputs":[{"internalType":"uint256","name":"","type":"uint256"}],"name":"domains","outputs":[{"internalType":"uint32","name":"","type":"uint32"}],"stateMutability":"view","type":"function"},{"inputs":[{"components":[{"internalType":"bytes32","name":"to","type":"bytes32"},{"internalType":"bytes","name":"data","type":"bytes"}],"internalType":"struct GovernanceMessage.Call[]","name":"_calls","type":"tuple[]"}],"name":"executeCallBatch","outputs":[],"stateMutability":"nonpayable","type":"function"},{"inputs":[{"components":[{"internalType":"bytes32","name":"to","type":"bytes32"},{"internalType":"bytes","name":"data","type":"bytes"}],"internalType":"struct GovernanceMessage.Call[]","name":"_localCalls","type":"tuple[]"},{"internalType":"uint32[]","name":"_domains","type":"uint32[]"},{"components":[{"internalType":"bytes32","name":"to","type":"bytes32"},{"internalType":"bytes","name":"data","type":"bytes"}],"internalType":"struct GovernanceMessage.Call[][]","name":"_remoteCalls","type":"tuple[][]"}],"name":"executeGovernanceActions","outputs":[],"stateMutability":"nonpayable","type":"function"},{"inputs":[],"name":"exitRecovery","outputs":[],"stateMutability":"nonpayable","type":"function"},{"inputs":[],"name":"governor","outputs":[{"internalType":"address","name":"","type":"address"}],"stateMutability":"view","type":"function"},{"inputs":[],"name":"governorDomain","outputs":[{"internalType":"uint32","name":"","type":"uint32"}],"stateMutability":"view","type":"function"},{"inputs":[{"internalType":"uint32","name":"_origin","type":"uint32"},{"internalType":"uint32","name":"","type":"uint32"},{"internalType":"bytes32","name":"_sender","type":"bytes32"},{"internalType":"bytes","name":"_message","type":"bytes"}],"name":"handle","outputs":[],"stateMutability":"nonpayable","type":"function"},{"inputs":[],"name":"inRecovery","outputs":[{"internalType":"bool","name":"","type":"bool"}],"stateMutability":"view","type":"function"},{"inputs":[{"internalType":"bytes32","name":"","type":"bytes32"}],"name":"inboundCallBatches","outputs":[{"internalType":"enum GovernanceRouter.BatchStatus","name":"","type":"uint8"}],"stateMutability":"view","type":"function"},{"inputs":[{"internalType":"address","name":"_xAppConnectionManager","type":"address"},{"internalType":"address","name":"_recoveryManager","type":"address"}],"name":"initialize","outputs":[],"stateMutability":"nonpayable","type":"function"},{"inputs":[],"name":"initiateRecoveryTimelock","outputs":[],"stateMutability":"nonpayable","type":"function"},{"inputs":[],"name":"localDomain","outputs":[{"internalType":"uint32","name":"","type":"uint32"}],"stateMutability":"view","type":"function"},{"inputs":[],"name":"recoveryActiveAt","outputs":[{"internalType":"uint256","name":"","type":"uint256"}],"stateMutability":"view","type":"function"},{"inputs":[],"name":"recoveryManager","outputs":[{"internalType":"address","name":"","type":"address"}],"stateMutability":"view","type":"function"},{"inputs":[],"name":"recoveryTimelock","outputs":[{"internalType":"uint256","name":"","type":"uint256"}],"stateMutability":"view","type":"function"},{"inputs":[{"internalType":"uint32","name":"","type":"uint32"}],"name":"routers","outputs":[{"internalType":"bytes32","name":"","type":"bytes32"}],"stateMutability":"view","type":"function"},{"inputs":[{"internalType":"uint32","name":"_domain","type":"uint32"},{"internalType":"bytes32","name":"_router","type":"bytes32"}],"name":"setRouterGlobal","outputs":[],"stateMutability":"nonpayable","type":"function"},{"inputs":[{"internalType":"uint32","name":"_domain","type":"uint32"},{"internalType":"bytes32","name":"_router","type":"bytes32"}],"name":"setRouterLocal","outputs":[],"stateMutability":"nonpayable","type":"function"},{"inputs":[{"internalType":"address","name":"_xAppConnectionManager","type":"address"}],"name":"setXAppConnectionManager","outputs":[],"stateMutability":"nonpayable","type":"function"},{"inputs":[{"internalType":"uint32","name":"_newDomain","type":"uint32"},{"internalType":"address","name":"_newGovernor","type":"address"}],"name":"transferGovernor","outputs":[],"stateMutability":"nonpayable","type":"function"},{"inputs":[{"internalType":"address","name":"_newRecoveryManager","type":"address"}],"name":"transferRecoveryManager","outputs":[],"stateMutability":"nonpayable","type":"function"},{"inputs":[],"name":"xAppConnectionManager","outputs":[{"internalType":"contract XAppConnectionManager","name":"","type":"address"}],"stateMutability":"view","type":"function"}]