[{"inputs":[{"internalType":"address","name":"_vault","type":"address"}],"stateMutability":"nonpayable","type":"constructor"},{"anonymous":false,"inputs":[],"name":"EmergencyExitEnabled","type":"event"},{"anonymous":false,"inputs":[{"indexed":false,"internalType":"uint256","name":"profit","type":"uint256"},{"indexed":false,"internalType":"uint256","name":"loss","type":"uint256"},{"indexed":false,"internalType":"uint256","name":"debtPayment","type":"uint256"},{"indexed":false,"internalType":"uint256","name":"debtOutstanding","type":"uint256"}],"name":"Harvested","type":"event"},{"anonymous":false,"inputs":[{"indexed":false,"internalType":"bool","name":"","type":"bool"}],"name":"SetDoHealthCheck","type":"event"},{"anonymous":false,"inputs":[{"indexed":false,"internalType":"address","name":"","type":"address"}],"name":"SetHealthCheck","type":"event"},{"anonymous":false,"inputs":[{"indexed":false,"internalType":"uint256","name":"debtThreshold","type":"uint256"}],"name":"UpdatedDebtThreshold","type":"event"},{"anonymous":false,"inputs":[{"indexed":false,"internalType":"address","name":"newKeeper","type":"address"}],"name":"UpdatedKeeper","type":"event"},{"anonymous":false,"inputs":[{"indexed":false,"internalType":"uint256","name":"delay","type":"uint256"}],"name":"UpdatedMaxReportDelay","type":"event"},{"anonymous":false,"inputs":[{"indexed":false,"internalType":"string","name":"metadataURI","type":"string"}],"name":"UpdatedMetadataURI","type":"event"},{"anonymous":false,"inputs":[{"indexed":false,"internalType":"uint256","name":"delay","type":"uint256"}],"name":"UpdatedMinReportDelay","type":"event"},{"anonymous":false,"inputs":[{"indexed":false,"internalType":"uint256","name":"profitFactor","type":"uint256"}],"name":"UpdatedProfitFactor","type":"event"},{"anonymous":false,"inputs":[{"indexed":false,"internalType":"address","name":"rewards","type":"address"}],"name":"UpdatedRewards","type":"event"},{"anonymous":false,"inputs":[{"indexed":false,"internalType":"address","name":"newStrategist","type":"address"}],"name":"UpdatedStrategist","type":"event"},{"inputs":[],"name":"FIDU","outputs":[{"internalType":"contract IERC20","name":"","type":"address"}],"stateMutability":"view","type":"function"},{"inputs":[],"name":"GFI","outputs":[{"internalType":"contract IERC20","name":"","type":"address"}],"stateMutability":"view","type":"function"},{"inputs":[],"name":"USDC","outputs":[{"internalType":"contract IERC20","name":"","type":"address"}],"stateMutability":"view","type":"function"},{"inputs":[],"name":"apiVersion","outputs":[{"internalType":"string","name":"","type":"string"}],"stateMutability":"pure","type":"function"},{"inputs":[],"name":"balanceOfAllFidu","outputs":[{"internalType":"uint256","name":"","type":"uint256"}],"stateMutability":"view","type":"function"},{"inputs":[],"name":"balanceOfWant","outputs":[{"internalType":"uint256","name":"","type":"uint256"}],"stateMutability":"view","type":"function"},{"inputs":[],"name":"curvePool","outputs":[{"internalType":"contract IStableSwapExchange","name":"","type":"address"}],"stateMutability":"view","type":"function"},{"inputs":[],"name":"debtThreshold","outputs":[{"internalType":"uint256","name":"","type":"uint256"}],"stateMutability":"view","type":"function"},{"inputs":[],"name":"delegatedAssets","outputs":[{"internalType":"uint256","name":"","type":"uint256"}],"stateMutability":"view","type":"function"},{"inputs":[],"name":"doHealthCheck","outputs":[{"internalType":"bool","name":"","type":"bool"}],"stateMutability":"view","type":"function"},{"inputs":[],"name":"emergencyExit","outputs":[{"internalType":"bool","name":"","type":"bool"}],"stateMutability":"view","type":"function"},{"inputs":[],"name":"estimatedTotalAssets","outputs":[{"internalType":"uint256","name":"","type":"uint256"}],"stateMutability":"view","type":"function"},{"inputs":[{"internalType":"uint256","name":"_amtInWei","type":"uint256"}],"name":"ethToWant","outputs":[{"internalType":"uint256","name":"","type":"uint256"}],"stateMutability":"view","type":"function"},{"inputs":[],"name":"harvest","outputs":[],"stateMutability":"nonpayable","type":"function"},{"inputs":[{"internalType":"uint256","name":"callCostInWei","type":"uint256"}],"name":"harvestTrigger","outputs":[{"internalType":"bool","name":"","type":"bool"}],"stateMutability":"view","type":"function"},{"inputs":[],"name":"healthCheck","outputs":[{"internalType":"address","name":"","type":"address"}],"stateMutability":"view","type":"function"},{"inputs":[],"name":"isActive","outputs":[{"internalType":"bool","name":"","type":"bool"}],"stateMutability":"view","type":"function"},{"inputs":[],"name":"keeper","outputs":[{"internalType":"address","name":"","type":"address"}],"stateMutability":"view","type":"function"},{"inputs":[],"name":"manuallyClaimRewards","outputs":[],"stateMutability":"nonpayable","type":"function"},{"inputs":[],"name":"maxReportDelay","outputs":[{"internalType":"uint256","name":"","type":"uint256"}],"stateMutability":"view","type":"function"},{"inputs":[],"name":"maxSingleInvest","outputs":[{"internalType":"uint256","name":"","type":"uint256"}],"stateMutability":"view","type":"function"},{"inputs":[],"name":"maxSlippageFiduToWant","outputs":[{"internalType":"uint256","name":"","type":"uint256"}],"stateMutability":"view","type":"function"},{"inputs":[],"name":"maxSlippageWantToFidu","outputs":[{"internalType":"uint256","name":"","type":"uint256"}],"stateMutability":"view","type":"function"},{"inputs":[],"name":"metadataURI","outputs":[{"internalType":"string","name":"","type":"string"}],"stateMutability":"view","type":"function"},{"inputs":[{"internalType":"address","name":"_newStrategy","type":"address"}],"name":"migrate","outputs":[],"stateMutability":"nonpayable","type":"function"},{"inputs":[],"name":"minReportDelay","outputs":[{"internalType":"uint256","name":"","type":"uint256"}],"stateMutability":"view","type":"function"},{"inputs":[],"name":"name","outputs":[{"internalType":"string","name":"","type":"string"}],"stateMutability":"view","type":"function"},{"inputs":[],"name":"profitFactor","outputs":[{"internalType":"uint256","name":"","type":"uint256"}],"stateMutability":"view","type":"function"},{"inputs":[],"name":"removeTradeFactoryPermissions","outputs":[],"stateMutability":"nonpayable","type":"function"},{"inputs":[],"name":"rewards","outputs":[{"internalType":"address","name":"","type":"address"}],"stateMutability":"view","type":"function"},{"inputs":[],"name":"seniorPool","outputs":[{"internalType":"contract ISeniorPool","name":"","type":"address"}],"stateMutability":"view","type":"function"},{"inputs":[{"internalType":"uint256","name":"_debtThreshold","type":"uint256"}],"name":"setDebtThreshold","outputs":[],"stateMutability":"nonpayable","type":"function"},{"inputs":[{"internalType":"bool","name":"_doHealthCheck","type":"bool"}],"name":"setDoHealthCheck","outputs":[],"stateMutability":"nonpayable","type":"function"},{"inputs":[],"name":"setEmergencyExit","outputs":[],"stateMutability":"nonpayable","type":"function"},{"inputs":[{"internalType":"address","name":"_healthCheck","type":"address"}],"name":"setHealthCheck","outputs":[],"stateMutability":"nonpayable","type":"function"},{"inputs":[{"internalType":"address","name":"_keeper","type":"address"}],"name":"setKeeper","outputs":[],"stateMutability":"nonpayable","type":"function"},{"inputs":[{"internalType":"uint256","name":"_delay","type":"uint256"}],"name":"setMaxReportDelay","outputs":[],"stateMutability":"nonpayable","type":"function"},{"inputs":[{"internalType":"uint256","name":"_maxSingleInvest","type":"uint256"}],"name":"setMaxSingleInvest","outputs":[],"stateMutability":"nonpayable","type":"function"},{"inputs":[{"internalType":"uint256","name":"_maxSlippageFiduToWant","type":"uint256"}],"name":"setMaxSlippageFiduToWant","outputs":[],"stateMutability":"nonpayable","type":"function"},{"inputs":[{"internalType":"uint256","name":"_maxSlippageWantToFidu","type":"uint256"}],"name":"setMaxSlippageWantToFidu","outputs":[],"stateMutability":"nonpayable","type":"function"},{"inputs":[{"internalType":"string","name":"_metadataURI","type":"string"}],"name":"setMetadataURI","outputs":[],"stateMutability":"nonpayable","type":"function"},{"inputs":[{"internalType":"uint256","name":"_delay","type":"uint256"}],"name":"setMinReportDelay","outputs":[],"stateMutability":"nonpayable","type":"function"},{"inputs":[{"internalType":"uint256","name":"_profitFactor","type":"uint256"}],"name":"setProfitFactor","outputs":[],"stateMutability":"nonpayable","type":"function"},{"inputs":[{"internalType":"address","name":"_rewards","type":"address"}],"name":"setRewards","outputs":[],"stateMutability":"nonpayable","type":"function"},{"inputs":[{"internalType":"address","name":"_strategist","type":"address"}],"name":"setStrategist","outputs":[],"stateMutability":"nonpayable","type":"function"},{"inputs":[{"internalType":"address","name":"_tradeFactory","type":"address"}],"name":"setTradeFactory","outputs":[],"stateMutability":"nonpayable","type":"function"},{"inputs":[],"name":"stakingRewards","outputs":[{"internalType":"contract IStakingRewards","name":"","type":"address"}],"stateMutability":"view","type":"function"},{"inputs":[],"name":"strategist","outputs":[{"internalType":"address","name":"","type":"address"}],"stateMutability":"view","type":"function"},{"inputs":[{"internalType":"uint256","name":"FiduAmount","type":"uint256"},{"internalType":"bool","name":"force","type":"bool"}],"name":"swapFiduToWant","outputs":[],"stateMutability":"nonpayable","type":"function"},{"inputs":[{"internalType":"address","name":"_token","type":"address"}],"name":"sweep","outputs":[],"stateMutability":"nonpayable","type":"function"},{"inputs":[],"name":"tend","outputs":[],"stateMutability":"nonpayable","type":"function"},{"inputs":[{"internalType":"uint256","name":"callCostInWei","type":"uint256"}],"name":"tendTrigger","outputs":[{"internalType":"bool","name":"","type":"bool"}],"stateMutability":"view","type":"function"},{"inputs":[],"name":"tokenIdCounter","outputs":[{"internalType":"uint256","name":"_value","type":"uint256"}],"stateMutability":"view","type":"function"},{"inputs":[],"name":"tradeFactory","outputs":[{"internalType":"address","name":"","type":"address"}],"stateMutability":"view","type":"function"},{"inputs":[],"name":"unstakeAllFidu","outputs":[],"stateMutability":"nonpayable","type":"function"},{"inputs":[],"name":"vault","outputs":[{"internalType":"contract VaultAPI","name":"","type":"address"}],"stateMutability":"view","type":"function"},{"inputs":[],"name":"want","outputs":[{"internalType":"contract IERC20","name":"","type":"address"}],"stateMutability":"view","type":"function"},{"inputs":[{"internalType":"uint256","name":"_amountNeeded","type":"uint256"}],"name":"withdraw","outputs":[{"internalType":"uint256","name":"_loss","type":"uint256"}],"stateMutability":"nonpayable","type":"function"}]