{
  "language": "Solidity",
  "sources": {
    "contracts/emissions/BridgeForwarder.sol": {
      "content": "// SPDX-License-Identifier: AGPL-3.0-or-later\npragma solidity 0.8.6;\n\nimport { IRewardsDistributionRecipient } from \"../interfaces/IRewardsDistributionRecipient.sol\";\nimport { IRootChainManager } from \"../interfaces/IRootChainManager.sol\";\nimport { InitializableRewardsDistributionRecipient } from \"../rewards/InitializableRewardsDistributionRecipient.sol\";\nimport { Initializable } from \"../shared/@openzeppelin-2.5/Initializable.sol\";\nimport { IERC20, SafeERC20 } from \"@openzeppelin/contracts/token/ERC20/utils/SafeERC20.sol\";\n\n/**\n * @title  BridgeForwarder\n * @author mStable\n * @notice Deployed on Ethereum L1, this Bridge Forwarder sends reward tokens across the Polygon PoS Bridge to a\n *         specified recipient contract on the Polygon chain.\n * @dev    VERSION: 1.0\n *         DATE:    2021-10-28\n */\ncontract BridgeForwarder is\n    IRewardsDistributionRecipient,\n    Initializable,\n    InitializableRewardsDistributionRecipient\n{\n    using SafeERC20 for IERC20;\n\n    /// @notice Token the rewards are distributed in. eg MTA\n    IERC20 public immutable REWARDS_TOKEN;\n    /// @notice Polygon PoS Bridge contract that takes deposits on mainnet.\n    IRootChainManager public immutable ROOT_CHAIN_MANAGER;\n    /// @notice Polygon PoS Bridge contract that locks tokens on mainnet.\n    address public immutable BRIDGE_TOKEN_LOCKER;\n    /// @notice Polygon contract that will receive the bridged rewards on the Polygon chain\n    address public immutable BRIDGE_RECIPIENT;\n\n    event Forwarded(uint256 amount);\n\n    /**\n     * @param _nexus             mStable system Nexus address\n     * @param _rewardsToken      First token that is being distributed as a reward. eg MTA\n     * @param _bridgeTokenLocker Mainnet bridge contract that receives and locks tokens for the L2 bridge.\n     * @param _rootChainManager  Mainnet contract called to deposit tokens to the L2 bridge.\n     * @param _bridgeRecipient   Polygon contract that will receive the bridged rewards on the Polygon chain\n     */\n    constructor(\n        address _nexus,\n        address _rewardsToken,\n        address _bridgeTokenLocker,\n        address _rootChainManager,\n        address _bridgeRecipient\n    ) InitializableRewardsDistributionRecipient(_nexus) {\n        require(_rewardsToken != address(0), \"Rewards token is zero\");\n        require(_bridgeTokenLocker != address(0), \"Bridge locker is zero\");\n        require(_rootChainManager != address(0), \"RootChainManager is zero\");\n        require(_bridgeRecipient != address(0), \"Bridge recipient is zero\");\n\n        REWARDS_TOKEN = IERC20(_rewardsToken);\n        BRIDGE_TOKEN_LOCKER = _bridgeTokenLocker;\n        ROOT_CHAIN_MANAGER = IRootChainManager(_rootChainManager);\n        BRIDGE_RECIPIENT = _bridgeRecipient;\n    }\n\n    /**\n     * @dev Initialization function for upgradable proxy contract.\n     *      This function should be called via Proxy just after contract deployment.\n     * @param _emissionsController mStable Emissions Controller that distributes MTA rewards\n     */\n    function initialize(address _emissionsController) external initializer {\n        InitializableRewardsDistributionRecipient._initialize(_emissionsController);\n\n        // Approve the L2 Bridge to transfer reward tokens from this contract\n        REWARDS_TOKEN.safeApprove(BRIDGE_TOKEN_LOCKER, type(uint256).max);\n    }\n\n    /**\n     * @notice Called by the Emissions Controller to trigger the processing of the weekly rewards.\n     * @dev    The Emissions Controller has already transferred the MTA to this contract.\n     * @param _rewards The amount of reward tokens that were distributed to this contract\n     */\n    function notifyRewardAmount(uint256 _rewards)\n        external\n        override(IRewardsDistributionRecipient)\n        onlyRewardsDistributor\n    {\n        ROOT_CHAIN_MANAGER.depositFor(\n            BRIDGE_RECIPIENT,\n            address(REWARDS_TOKEN),\n            abi.encode(_rewards)\n        );\n\n        emit Forwarded(_rewards);\n    }\n\n    /***************************************\n                    GETTERS\n    ****************************************/\n\n    /**\n     * @dev Gets the RewardsToken\n     */\n    function getRewardToken()\n        external\n        view\n        override(IRewardsDistributionRecipient)\n        returns (IERC20)\n    {\n        return REWARDS_TOKEN;\n    }\n}\n"
    },
    "contracts/interfaces/IRewardsDistributionRecipient.sol": {
      "content": "// SPDX-License-Identifier: AGPL-3.0-or-later\npragma solidity 0.8.6;\n\nimport { IERC20 } from \"@openzeppelin/contracts/token/ERC20/IERC20.sol\";\n\ninterface IRewardsDistributionRecipient {\n    function notifyRewardAmount(uint256 reward) external;\n\n    function getRewardToken() external view returns (IERC20);\n}\n\ninterface IRewardsRecipientWithPlatformToken {\n    function notifyRewardAmount(uint256 reward) external;\n\n    function getRewardToken() external view returns (IERC20);\n\n    function getPlatformToken() external view returns (IERC20);\n}\n"
    },
    "contracts/interfaces/IRootChainManager.sol": {
      "content": "// SPDX-License-Identifier: AGPL-3.0-or-later\npragma solidity 0.8.6;\n\ninterface IRootChainManager {\n    function depositFor(\n        address userAddress,\n        address rootToken,\n        bytes memory data\n    ) external;\n}\n\ninterface IStateReceiver {\n    function onStateReceive(uint256 id, bytes calldata data) external;\n}\n\ninterface IChildToken {\n    function deposit(address user, bytes calldata depositData) external;\n\n    function withdraw(uint256 amount) external;\n}"
    },
    "contracts/rewards/InitializableRewardsDistributionRecipient.sol": {
      "content": "// SPDX-License-Identifier: AGPL-3.0-or-later\npragma solidity 0.8.6;\n\nimport { ImmutableModule } from \"../shared/ImmutableModule.sol\";\nimport { IERC20 } from \"@openzeppelin/contracts/token/ERC20/IERC20.sol\";\nimport { IRewardsDistributionRecipient } from \"../interfaces/IRewardsDistributionRecipient.sol\";\n\n/**\n * @title  RewardsDistributionRecipient\n * @author Originally: Synthetix (forked from /Synthetixio/synthetix/contracts/RewardsDistributionRecipient.sol)\n *         Changes by: mStable\n * @notice RewardsDistributionRecipient gets notified of additional rewards by the rewardsDistributor\n * @dev    Changes: Addition of Module and abstract `getRewardToken` func + cosmetic\n */\nabstract contract InitializableRewardsDistributionRecipient is\n    IRewardsDistributionRecipient,\n    ImmutableModule\n{\n    // This address has the ability to distribute the rewards\n    address public rewardsDistributor;\n\n    constructor(address _nexus) ImmutableModule(_nexus) {}\n\n    /** @dev Recipient is a module, governed by mStable governance */\n    function _initialize(address _rewardsDistributor) internal virtual {\n        rewardsDistributor = _rewardsDistributor;\n    }\n\n    /**\n     * @dev Only the rewards distributor can notify about rewards\n     */\n    modifier onlyRewardsDistributor() {\n        require(msg.sender == rewardsDistributor, \"Caller is not reward distributor\");\n        _;\n    }\n\n    /**\n     * @dev Change the rewardsDistributor - only called by mStable governor\n     * @param _rewardsDistributor   Address of the new distributor\n     */\n    function setRewardsDistribution(address _rewardsDistributor) external onlyGovernor {\n        rewardsDistributor = _rewardsDistributor;\n    }\n}\n"
    },
    "contracts/shared/@openzeppelin-2.5/Initializable.sol": {
      "content": "// SPDX-License-Identifier: AGPL-3.0-or-later\npragma solidity 0.8.6;\n\ncontract Initializable {\n    /**\n     * @dev Indicates that the contract has been initialized.\n     */\n    bool private initialized;\n\n    /**\n     * @dev Indicates that the contract is in the process of being initialized.\n     */\n    bool private initializing;\n\n    /**\n     * @dev Modifier to use in the initializer function of a contract.\n     */\n    modifier initializer() {\n        require(\n            initializing || isConstructor() || !initialized,\n            \"Contract instance has already been initialized\"\n        );\n\n        bool isTopLevelCall = !initializing;\n        if (isTopLevelCall) {\n            initializing = true;\n            initialized = true;\n        }\n\n        _;\n\n        if (isTopLevelCall) {\n            initializing = false;\n        }\n    }\n\n    /// @dev Returns true if and only if the function is running in the constructor\n    function isConstructor() private view returns (bool) {\n        // extcodesize checks the size of the code stored in an address, and\n        // address returns the current address. Since the code is still not\n        // deployed when running a constructor, any checks on its code size will\n        // yield zero, making it an effective way to detect if a contract is\n        // under construction or not.\n        address self = address(this);\n        uint256 cs;\n        assembly {\n            cs := extcodesize(self)\n        }\n        return cs == 0;\n    }\n\n    // Reserved storage space to allow for layout changes in the future.\n    uint256[50] private ______gap;\n}\n"
    },
    "@openzeppelin/contracts/token/ERC20/utils/SafeERC20.sol": {
      "content": "// SPDX-License-Identifier: MIT\n\npragma solidity ^0.8.0;\n\nimport \"../IERC20.sol\";\nimport \"../../../utils/Address.sol\";\n\n/**\n * @title SafeERC20\n * @dev Wrappers around ERC20 operations that throw on failure (when the token\n * contract returns false). Tokens that return no value (and instead revert or\n * throw on failure) are also supported, non-reverting calls are assumed to be\n * successful.\n * To use this library you can add a `using SafeERC20 for IERC20;` statement to your contract,\n * which allows you to call the safe operations as `token.safeTransfer(...)`, etc.\n */\nlibrary SafeERC20 {\n    using Address for address;\n\n    function safeTransfer(\n        IERC20 token,\n        address to,\n        uint256 value\n    ) internal {\n        _callOptionalReturn(token, abi.encodeWithSelector(token.transfer.selector, to, value));\n    }\n\n    function safeTransferFrom(\n        IERC20 token,\n        address from,\n        address to,\n        uint256 value\n    ) internal {\n        _callOptionalReturn(token, abi.encodeWithSelector(token.transferFrom.selector, from, to, value));\n    }\n\n    /**\n     * @dev Deprecated. This function has issues similar to the ones found in\n     * {IERC20-approve}, and its usage is discouraged.\n     *\n     * Whenever possible, use {safeIncreaseAllowance} and\n     * {safeDecreaseAllowance} instead.\n     */\n    function safeApprove(\n        IERC20 token,\n        address spender,\n        uint256 value\n    ) internal {\n        // safeApprove should only be called when setting an initial allowance,\n        // or when resetting it to zero. To increase and decrease it, use\n        // 'safeIncreaseAllowance' and 'safeDecreaseAllowance'\n        require(\n            (value == 0) || (token.allowance(address(this), spender) == 0),\n            \"SafeERC20: approve from non-zero to non-zero allowance\"\n        );\n        _callOptionalReturn(token, abi.encodeWithSelector(token.approve.selector, spender, value));\n    }\n\n    function safeIncreaseAllowance(\n        IERC20 token,\n        address spender,\n        uint256 value\n    ) internal {\n        uint256 newAllowance = token.allowance(address(this), spender) + value;\n        _callOptionalReturn(token, abi.encodeWithSelector(token.approve.selector, spender, newAllowance));\n    }\n\n    function safeDecreaseAllowance(\n        IERC20 token,\n        address spender,\n        uint256 value\n    ) internal {\n        unchecked {\n            uint256 oldAllowance = token.allowance(address(this), spender);\n            require(oldAllowance >= value, \"SafeERC20: decreased allowance below zero\");\n            uint256 newAllowance = oldAllowance - value;\n            _callOptionalReturn(token, abi.encodeWithSelector(token.approve.selector, spender, newAllowance));\n        }\n    }\n\n    /**\n     * @dev Imitates a Solidity high-level call (i.e. a regular function call to a contract), relaxing the requirement\n     * on the return value: the return value is optional (but if data is returned, it must not be false).\n     * @param token The token targeted by the call.\n     * @param data The call data (encoded using abi.encode or one of its variants).\n     */\n    function _callOptionalReturn(IERC20 token, bytes memory data) private {\n        // We need to perform a low level call here, to bypass Solidity's return data size checking mechanism, since\n        // we're implementing it ourselves. We use {Address.functionCall} to perform this call, which verifies that\n        // the target address contains contract code and also asserts for success in the low-level call.\n\n        bytes memory returndata = address(token).functionCall(data, \"SafeERC20: low-level call failed\");\n        if (returndata.length > 0) {\n            // Return data is optional\n            require(abi.decode(returndata, (bool)), \"SafeERC20: ERC20 operation did not succeed\");\n        }\n    }\n}\n"
    },
    "@openzeppelin/contracts/token/ERC20/IERC20.sol": {
      "content": "// SPDX-License-Identifier: MIT\n\npragma solidity ^0.8.0;\n\n/**\n * @dev Interface of the ERC20 standard as defined in the EIP.\n */\ninterface IERC20 {\n    /**\n     * @dev Returns the amount of tokens in existence.\n     */\n    function totalSupply() external view returns (uint256);\n\n    /**\n     * @dev Returns the amount of tokens owned by `account`.\n     */\n    function balanceOf(address account) external view returns (uint256);\n\n    /**\n     * @dev Moves `amount` tokens from the caller's account to `recipient`.\n     *\n     * Returns a boolean value indicating whether the operation succeeded.\n     *\n     * Emits a {Transfer} event.\n     */\n    function transfer(address recipient, uint256 amount) external returns (bool);\n\n    /**\n     * @dev Returns the remaining number of tokens that `spender` will be\n     * allowed to spend on behalf of `owner` through {transferFrom}. This is\n     * zero by default.\n     *\n     * This value changes when {approve} or {transferFrom} are called.\n     */\n    function allowance(address owner, address spender) external view returns (uint256);\n\n    /**\n     * @dev Sets `amount` as the allowance of `spender` over the caller's tokens.\n     *\n     * Returns a boolean value indicating whether the operation succeeded.\n     *\n     * IMPORTANT: Beware that changing an allowance with this method brings the risk\n     * that someone may use both the old and the new allowance by unfortunate\n     * transaction ordering. One possible solution to mitigate this race\n     * condition is to first reduce the spender's allowance to 0 and set the\n     * desired value afterwards:\n     * https://github.com/ethereum/EIPs/issues/20#issuecomment-263524729\n     *\n     * Emits an {Approval} event.\n     */\n    function approve(address spender, uint256 amount) external returns (bool);\n\n    /**\n     * @dev Moves `amount` tokens from `sender` to `recipient` using the\n     * allowance mechanism. `amount` is then deducted from the caller's\n     * allowance.\n     *\n     * Returns a boolean value indicating whether the operation succeeded.\n     *\n     * Emits a {Transfer} event.\n     */\n    function transferFrom(\n        address sender,\n        address recipient,\n        uint256 amount\n    ) external returns (bool);\n\n    /**\n     * @dev Emitted when `value` tokens are moved from one account (`from`) to\n     * another (`to`).\n     *\n     * Note that `value` may be zero.\n     */\n    event Transfer(address indexed from, address indexed to, uint256 value);\n\n    /**\n     * @dev Emitted when the allowance of a `spender` for an `owner` is set by\n     * a call to {approve}. `value` is the new allowance.\n     */\n    event Approval(address indexed owner, address indexed spender, uint256 value);\n}\n"
    },
    "contracts/shared/ImmutableModule.sol": {
      "content": "// SPDX-License-Identifier: AGPL-3.0-or-later\npragma solidity 0.8.6;\n\nimport { ModuleKeys } from \"./ModuleKeys.sol\";\nimport { INexus } from \"../interfaces/INexus.sol\";\n\n/**\n * @title   ImmutableModule\n * @author  mStable\n * @dev     Subscribes to module updates from a given publisher and reads from its registry.\n *          Contract is used for upgradable proxy contracts.\n */\nabstract contract ImmutableModule is ModuleKeys {\n    INexus public immutable nexus;\n\n    /**\n     * @dev Initialization function for upgradable proxy contracts\n     * @param _nexus Nexus contract address\n     */\n    constructor(address _nexus) {\n        require(_nexus != address(0), \"Nexus address is zero\");\n        nexus = INexus(_nexus);\n    }\n\n    /**\n     * @dev Modifier to allow function calls only from the Governor.\n     */\n    modifier onlyGovernor() {\n        _onlyGovernor();\n        _;\n    }\n\n    function _onlyGovernor() internal view {\n        require(msg.sender == _governor(), \"Only governor can execute\");\n    }\n\n    /**\n     * @dev Modifier to allow function calls only from the Governor or the Keeper EOA.\n     */\n    modifier onlyKeeperOrGovernor() {\n        _keeperOrGovernor();\n        _;\n    }\n\n    function _keeperOrGovernor() internal view {\n        require(msg.sender == _keeper() || msg.sender == _governor(), \"Only keeper or governor\");\n    }\n\n    /**\n     * @dev Modifier to allow function calls only from the Governance.\n     *      Governance is either Governor address or Governance address.\n     */\n    modifier onlyGovernance() {\n        require(\n            msg.sender == _governor() || msg.sender == _governance(),\n            \"Only governance can execute\"\n        );\n        _;\n    }\n\n    /**\n     * @dev Returns Governor address from the Nexus\n     * @return Address of Governor Contract\n     */\n    function _governor() internal view returns (address) {\n        return nexus.governor();\n    }\n\n    /**\n     * @dev Returns Governance Module address from the Nexus\n     * @return Address of the Governance (Phase 2)\n     */\n    function _governance() internal view returns (address) {\n        return nexus.getModule(KEY_GOVERNANCE);\n    }\n\n    /**\n     * @dev Return Keeper address from the Nexus.\n     *      This account is used for operational transactions that\n     *      don't need multiple signatures.\n     * @return  Address of the Keeper externally owned account.\n     */\n    function _keeper() internal view returns (address) {\n        return nexus.getModule(KEY_KEEPER);\n    }\n\n    /**\n     * @dev Return SavingsManager Module address from the Nexus\n     * @return Address of the SavingsManager Module contract\n     */\n    function _savingsManager() internal view returns (address) {\n        return nexus.getModule(KEY_SAVINGS_MANAGER);\n    }\n\n    /**\n     * @dev Return Recollateraliser Module address from the Nexus\n     * @return  Address of the Recollateraliser Module contract (Phase 2)\n     */\n    function _recollateraliser() internal view returns (address) {\n        return nexus.getModule(KEY_RECOLLATERALISER);\n    }\n\n    /**\n     * @dev Return Liquidator Module address from the Nexus\n     * @return  Address of the Liquidator Module contract\n     */\n    function _liquidator() internal view returns (address) {\n        return nexus.getModule(KEY_LIQUIDATOR);\n    }\n\n    /**\n     * @dev Return ProxyAdmin Module address from the Nexus\n     * @return Address of the ProxyAdmin Module contract\n     */\n    function _proxyAdmin() internal view returns (address) {\n        return nexus.getModule(KEY_PROXY_ADMIN);\n    }\n}\n"
    },
    "contracts/shared/ModuleKeys.sol": {
      "content": "// SPDX-License-Identifier: AGPL-3.0-or-later\npragma solidity 0.8.6;\n\n/**\n * @title  ModuleKeys\n * @author mStable\n * @notice Provides system wide access to the byte32 represntations of system modules\n *         This allows each system module to be able to reference and update one another in a\n *         friendly way\n * @dev    keccak256() values are hardcoded to avoid re-evaluation of the constants at runtime.\n */\ncontract ModuleKeys {\n    // Governance\n    // ===========\n    // keccak256(\"Governance\");\n    bytes32 internal constant KEY_GOVERNANCE =\n        0x9409903de1e6fd852dfc61c9dacb48196c48535b60e25abf92acc92dd689078d;\n    //keccak256(\"Staking\");\n    bytes32 internal constant KEY_STAKING =\n        0x1df41cd916959d1163dc8f0671a666ea8a3e434c13e40faef527133b5d167034;\n    //keccak256(\"ProxyAdmin\");\n    bytes32 internal constant KEY_PROXY_ADMIN =\n        0x96ed0203eb7e975a4cbcaa23951943fa35c5d8288117d50c12b3d48b0fab48d1;\n\n    // mStable\n    // =======\n    // keccak256(\"OracleHub\");\n    bytes32 internal constant KEY_ORACLE_HUB =\n        0x8ae3a082c61a7379e2280f3356a5131507d9829d222d853bfa7c9fe1200dd040;\n    // keccak256(\"Manager\");\n    bytes32 internal constant KEY_MANAGER =\n        0x6d439300980e333f0256d64be2c9f67e86f4493ce25f82498d6db7f4be3d9e6f;\n    //keccak256(\"Recollateraliser\");\n    bytes32 internal constant KEY_RECOLLATERALISER =\n        0x39e3ed1fc335ce346a8cbe3e64dd525cf22b37f1e2104a755e761c3c1eb4734f;\n    //keccak256(\"MetaToken\");\n    bytes32 internal constant KEY_META_TOKEN =\n        0xea7469b14936af748ee93c53b2fe510b9928edbdccac3963321efca7eb1a57a2;\n    // keccak256(\"SavingsManager\");\n    bytes32 internal constant KEY_SAVINGS_MANAGER =\n        0x12fe936c77a1e196473c4314f3bed8eeac1d757b319abb85bdda70df35511bf1;\n    // keccak256(\"Liquidator\");\n    bytes32 internal constant KEY_LIQUIDATOR =\n        0x1e9cb14d7560734a61fa5ff9273953e971ff3cd9283c03d8346e3264617933d4;\n    // keccak256(\"InterestValidator\");\n    bytes32 internal constant KEY_INTEREST_VALIDATOR =\n        0xc10a28f028c7f7282a03c90608e38a4a646e136e614e4b07d119280c5f7f839f;\n    // keccak256(\"Keeper\");\n    bytes32 internal constant KEY_KEEPER =\n        0x4f78afe9dfc9a0cb0441c27b9405070cd2a48b490636a7bdd09f355e33a5d7de;\n}\n"
    },
    "contracts/interfaces/INexus.sol": {
      "content": "// SPDX-License-Identifier: AGPL-3.0-or-later\npragma solidity 0.8.6;\n\n/**\n * @title INexus\n * @dev Basic interface for interacting with the Nexus i.e. SystemKernel\n */\ninterface INexus {\n    function governor() external view returns (address);\n\n    function getModule(bytes32 key) external view returns (address);\n\n    function proposeModule(bytes32 _key, address _addr) external;\n\n    function cancelProposedModule(bytes32 _key) external;\n\n    function acceptProposedModule(bytes32 _key) external;\n\n    function acceptProposedModules(bytes32[] calldata _keys) external;\n\n    function requestLockModule(bytes32 _key) external;\n\n    function cancelLockModule(bytes32 _key) external;\n\n    function lockModule(bytes32 _key) external;\n}\n"
    },
    "@openzeppelin/contracts/utils/Address.sol": {
      "content": "// SPDX-License-Identifier: MIT\n\npragma solidity ^0.8.0;\n\n/**\n * @dev Collection of functions related to the address type\n */\nlibrary Address {\n    /**\n     * @dev Returns true if `account` is a contract.\n     *\n     * [IMPORTANT]\n     * ====\n     * It is unsafe to assume that an address for which this function returns\n     * false is an externally-owned account (EOA) and not a contract.\n     *\n     * Among others, `isContract` will return false for the following\n     * types of addresses:\n     *\n     *  - an externally-owned account\n     *  - a contract in construction\n     *  - an address where a contract will be created\n     *  - an address where a contract lived, but was destroyed\n     * ====\n     */\n    function isContract(address account) internal view returns (bool) {\n        // This method relies on extcodesize, which returns 0 for contracts in\n        // construction, since the code is only stored at the end of the\n        // constructor execution.\n\n        uint256 size;\n        assembly {\n            size := extcodesize(account)\n        }\n        return size > 0;\n    }\n\n    /**\n     * @dev Replacement for Solidity's `transfer`: sends `amount` wei to\n     * `recipient`, forwarding all available gas and reverting on errors.\n     *\n     * https://eips.ethereum.org/EIPS/eip-1884[EIP1884] increases the gas cost\n     * of certain opcodes, possibly making contracts go over the 2300 gas limit\n     * imposed by `transfer`, making them unable to receive funds via\n     * `transfer`. {sendValue} removes this limitation.\n     *\n     * https://diligence.consensys.net/posts/2019/09/stop-using-soliditys-transfer-now/[Learn more].\n     *\n     * IMPORTANT: because control is transferred to `recipient`, care must be\n     * taken to not create reentrancy vulnerabilities. Consider using\n     * {ReentrancyGuard} or the\n     * https://solidity.readthedocs.io/en/v0.5.11/security-considerations.html#use-the-checks-effects-interactions-pattern[checks-effects-interactions pattern].\n     */\n    function sendValue(address payable recipient, uint256 amount) internal {\n        require(address(this).balance >= amount, \"Address: insufficient balance\");\n\n        (bool success, ) = recipient.call{value: amount}(\"\");\n        require(success, \"Address: unable to send value, recipient may have reverted\");\n    }\n\n    /**\n     * @dev Performs a Solidity function call using a low level `call`. A\n     * plain `call` is an unsafe replacement for a function call: use this\n     * function instead.\n     *\n     * If `target` reverts with a revert reason, it is bubbled up by this\n     * function (like regular Solidity function calls).\n     *\n     * Returns the raw returned data. To convert to the expected return value,\n     * use https://solidity.readthedocs.io/en/latest/units-and-global-variables.html?highlight=abi.decode#abi-encoding-and-decoding-functions[`abi.decode`].\n     *\n     * Requirements:\n     *\n     * - `target` must be a contract.\n     * - calling `target` with `data` must not revert.\n     *\n     * _Available since v3.1._\n     */\n    function functionCall(address target, bytes memory data) internal returns (bytes memory) {\n        return functionCall(target, data, \"Address: low-level call failed\");\n    }\n\n    /**\n     * @dev Same as {xref-Address-functionCall-address-bytes-}[`functionCall`], but with\n     * `errorMessage` as a fallback revert reason when `target` reverts.\n     *\n     * _Available since v3.1._\n     */\n    function functionCall(\n        address target,\n        bytes memory data,\n        string memory errorMessage\n    ) internal returns (bytes memory) {\n        return functionCallWithValue(target, data, 0, errorMessage);\n    }\n\n    /**\n     * @dev Same as {xref-Address-functionCall-address-bytes-}[`functionCall`],\n     * but also transferring `value` wei to `target`.\n     *\n     * Requirements:\n     *\n     * - the calling contract must have an ETH balance of at least `value`.\n     * - the called Solidity function must be `payable`.\n     *\n     * _Available since v3.1._\n     */\n    function functionCallWithValue(\n        address target,\n        bytes memory data,\n        uint256 value\n    ) internal returns (bytes memory) {\n        return functionCallWithValue(target, data, value, \"Address: low-level call with value failed\");\n    }\n\n    /**\n     * @dev Same as {xref-Address-functionCallWithValue-address-bytes-uint256-}[`functionCallWithValue`], but\n     * with `errorMessage` as a fallback revert reason when `target` reverts.\n     *\n     * _Available since v3.1._\n     */\n    function functionCallWithValue(\n        address target,\n        bytes memory data,\n        uint256 value,\n        string memory errorMessage\n    ) internal returns (bytes memory) {\n        require(address(this).balance >= value, \"Address: insufficient balance for call\");\n        require(isContract(target), \"Address: call to non-contract\");\n\n        (bool success, bytes memory returndata) = target.call{value: value}(data);\n        return verifyCallResult(success, returndata, errorMessage);\n    }\n\n    /**\n     * @dev Same as {xref-Address-functionCall-address-bytes-}[`functionCall`],\n     * but performing a static call.\n     *\n     * _Available since v3.3._\n     */\n    function functionStaticCall(address target, bytes memory data) internal view returns (bytes memory) {\n        return functionStaticCall(target, data, \"Address: low-level static call failed\");\n    }\n\n    /**\n     * @dev Same as {xref-Address-functionCall-address-bytes-string-}[`functionCall`],\n     * but performing a static call.\n     *\n     * _Available since v3.3._\n     */\n    function functionStaticCall(\n        address target,\n        bytes memory data,\n        string memory errorMessage\n    ) internal view returns (bytes memory) {\n        require(isContract(target), \"Address: static call to non-contract\");\n\n        (bool success, bytes memory returndata) = target.staticcall(data);\n        return verifyCallResult(success, returndata, errorMessage);\n    }\n\n    /**\n     * @dev Same as {xref-Address-functionCall-address-bytes-}[`functionCall`],\n     * but performing a delegate call.\n     *\n     * _Available since v3.4._\n     */\n    function functionDelegateCall(address target, bytes memory data) internal returns (bytes memory) {\n        return functionDelegateCall(target, data, \"Address: low-level delegate call failed\");\n    }\n\n    /**\n     * @dev Same as {xref-Address-functionCall-address-bytes-string-}[`functionCall`],\n     * but performing a delegate call.\n     *\n     * _Available since v3.4._\n     */\n    function functionDelegateCall(\n        address target,\n        bytes memory data,\n        string memory errorMessage\n    ) internal returns (bytes memory) {\n        require(isContract(target), \"Address: delegate call to non-contract\");\n\n        (bool success, bytes memory returndata) = target.delegatecall(data);\n        return verifyCallResult(success, returndata, errorMessage);\n    }\n\n    /**\n     * @dev Tool to verifies that a low level call was successful, and revert if it wasn't, either by bubbling the\n     * revert reason using the provided one.\n     *\n     * _Available since v4.3._\n     */\n    function verifyCallResult(\n        bool success,\n        bytes memory returndata,\n        string memory errorMessage\n    ) internal pure returns (bytes memory) {\n        if (success) {\n            return returndata;\n        } else {\n            // Look for revert reason and bubble it up if present\n            if (returndata.length > 0) {\n                // The easiest way to bubble the revert reason is using memory via assembly\n\n                assembly {\n                    let returndata_size := mload(returndata)\n                    revert(add(32, returndata), returndata_size)\n                }\n            } else {\n                revert(errorMessage);\n            }\n        }\n    }\n}\n"
    }
  },
  "settings": {
    "optimizer": {
      "enabled": true,
      "runs": 200
    },
    "outputSelection": {
      "*": {
        "*": [
          "evm.bytecode",
          "evm.deployedBytecode",
          "devdoc",
          "userdoc",
          "metadata",
          "abi"
        ]
      }
    },
    "libraries": {}
  }
}