[{"inputs":[{"internalType":"contract IUniswapV2Router02","name":"router_","type":"address"},{"internalType":"address","name":"wethLike_","type":"address"}],"stateMutability":"nonpayable","type":"constructor"},{"anonymous":false,"inputs":[{"indexed":false,"internalType":"uint8","name":"version","type":"uint8"}],"name":"Initialized","type":"event"},{"anonymous":false,"inputs":[{"indexed":true,"internalType":"address","name":"previousGovernor","type":"address"},{"indexed":true,"internalType":"address","name":"proposedGovernor","type":"address"}],"name":"UpdatedGovernor","type":"event"},{"anonymous":false,"inputs":[{"indexed":false,"internalType":"address","name":"oldWethLike","type":"address"},{"indexed":false,"internalType":"address","name":"newWethLike","type":"address"}],"name":"WethLikeTokenUpdated","type":"event"},{"inputs":[],"name":"acceptGovernorship","outputs":[],"stateMutability":"nonpayable","type":"function"},{"inputs":[{"internalType":"address","name":"tokenIn_","type":"address"},{"internalType":"address","name":"tokenOut_","type":"address"},{"internalType":"uint256","name":"amountOut_","type":"uint256"}],"name":"getBestAmountIn","outputs":[{"internalType":"uint256","name":"_amountIn","type":"uint256"},{"internalType":"bytes","name":"_path","type":"bytes"}],"stateMutability":"nonpayable","type":"function"},{"inputs":[{"internalType":"address","name":"tokenIn_","type":"address"},{"internalType":"address","name":"tokenOut_","type":"address"},{"internalType":"uint256","name":"amountIn_","type":"uint256"}],"name":"getBestAmountOut","outputs":[{"internalType":"uint256","name":"_amountOut","type":"uint256"},{"internalType":"bytes","name":"_path","type":"bytes"}],"stateMutability":"nonpayable","type":"function"},{"inputs":[],"name":"governor","outputs":[{"internalType":"address","name":"","type":"address"}],"stateMutability":"view","type":"function"},{"inputs":[],"name":"router","outputs":[{"internalType":"contract IUniswapV2Router02","name":"","type":"address"}],"stateMutability":"view","type":"function"},{"inputs":[{"internalType":"bytes","name":"path_","type":"bytes"},{"internalType":"uint256","name":"amountIn_","type":"uint256"},{"internalType":"uint256","name":"amountOutMin_","type":"uint256"},{"internalType":"address","name":"outReceiver_","type":"address"}],"name":"swapExactInput","outputs":[{"internalType":"uint256","name":"_amountOut","type":"uint256"}],"stateMutability":"nonpayable","type":"function"},{"inputs":[{"internalType":"bytes","name":"path_","type":"bytes"},{"internalType":"uint256","name":"amountOut_","type":"uint256"},{"internalType":"uint256","name":"amountInMax_","type":"uint256"},{"internalType":"address","name":"inSender_","type":"address"},{"internalType":"address","name":"outRecipient_","type":"address"}],"name":"swapExactOutput","outputs":[{"internalType":"uint256","name":"_amountIn","type":"uint256"}],"stateMutability":"nonpayable","type":"function"},{"inputs":[{"internalType":"address","name":"_proposedGovernor","type":"address"}],"name":"transferGovernorship","outputs":[],"stateMutability":"nonpayable","type":"function"},{"inputs":[{"internalType":"address","name":"wethLike_","type":"address"}],"name":"updateWethLikeToken","outputs":[],"stateMutability":"nonpayable","type":"function"},{"inputs":[],"name":"wethLike","outputs":[{"internalType":"address","name":"","type":"address"}],"stateMutability":"view","type":"function"}]