{
  "language": "Solidity",
  "settings": {
    "evmVersion": "london",
    "libraries": {},
    "metadata": {
      "bytecodeHash": "ipfs",
      "useLiteralContent": true
    },
    "optimizer": {
      "enabled": true,
      "runs": 5000
    },
    "remappings": [],
    "outputSelection": {
      "*": {
        "*": [
          "evm.bytecode",
          "evm.deployedBytecode",
          "devdoc",
          "userdoc",
          "metadata",
          "abi"
        ]
      }
    }
  },
  "sources": {
    "@openzeppelin/contracts/proxy/utils/Initializable.sol": {
      "content": "// SPDX-License-Identifier: MIT\n// OpenZeppelin Contracts (last updated v4.6.0) (proxy/utils/Initializable.sol)\n\npragma solidity ^0.8.2;\n\nimport \"../../utils/Address.sol\";\n\n/**\n * @dev This is a base contract to aid in writing upgradeable contracts, or any kind of contract that will be deployed\n * behind a proxy. Since proxied contracts do not make use of a constructor, it's common to move constructor logic to an\n * external initializer function, usually called `initialize`. It then becomes necessary to protect this initializer\n * function so it can only be called once. The {initializer} modifier provided by this contract will have this effect.\n *\n * The initialization functions use a version number. Once a version number is used, it is consumed and cannot be\n * reused. This mechanism prevents re-execution of each \"step\" but allows the creation of new initialization steps in\n * case an upgrade adds a module that needs to be initialized.\n *\n * For example:\n *\n * [.hljs-theme-light.nopadding]\n * ```\n * contract MyToken is ERC20Upgradeable {\n *     function initialize() initializer public {\n *         __ERC20_init(\"MyToken\", \"MTK\");\n *     }\n * }\n * contract MyTokenV2 is MyToken, ERC20PermitUpgradeable {\n *     function initializeV2() reinitializer(2) public {\n *         __ERC20Permit_init(\"MyToken\");\n *     }\n * }\n * ```\n *\n * TIP: To avoid leaving the proxy in an uninitialized state, the initializer function should be called as early as\n * possible by providing the encoded function call as the `_data` argument to {ERC1967Proxy-constructor}.\n *\n * CAUTION: When used with inheritance, manual care must be taken to not invoke a parent initializer twice, or to ensure\n * that all initializers are idempotent. This is not verified automatically as constructors are by Solidity.\n *\n * [CAUTION]\n * ====\n * Avoid leaving a contract uninitialized.\n *\n * An uninitialized contract can be taken over by an attacker. This applies to both a proxy and its implementation\n * contract, which may impact the proxy. To prevent the implementation contract from being used, you should invoke\n * the {_disableInitializers} function in the constructor to automatically lock it when it is deployed:\n *\n * [.hljs-theme-light.nopadding]\n * ```\n * /// @custom:oz-upgrades-unsafe-allow constructor\n * constructor() {\n *     _disableInitializers();\n * }\n * ```\n * ====\n */\nabstract contract Initializable {\n    /**\n     * @dev Indicates that the contract has been initialized.\n     * @custom:oz-retyped-from bool\n     */\n    uint8 private _initialized;\n\n    /**\n     * @dev Indicates that the contract is in the process of being initialized.\n     */\n    bool private _initializing;\n\n    /**\n     * @dev Triggered when the contract has been initialized or reinitialized.\n     */\n    event Initialized(uint8 version);\n\n    /**\n     * @dev A modifier that defines a protected initializer function that can be invoked at most once. In its scope,\n     * `onlyInitializing` functions can be used to initialize parent contracts. Equivalent to `reinitializer(1)`.\n     */\n    modifier initializer() {\n        bool isTopLevelCall = _setInitializedVersion(1);\n        if (isTopLevelCall) {\n            _initializing = true;\n        }\n        _;\n        if (isTopLevelCall) {\n            _initializing = false;\n            emit Initialized(1);\n        }\n    }\n\n    /**\n     * @dev A modifier that defines a protected reinitializer function that can be invoked at most once, and only if the\n     * contract hasn't been initialized to a greater version before. In its scope, `onlyInitializing` functions can be\n     * used to initialize parent contracts.\n     *\n     * `initializer` is equivalent to `reinitializer(1)`, so a reinitializer may be used after the original\n     * initialization step. This is essential to configure modules that are added through upgrades and that require\n     * initialization.\n     *\n     * Note that versions can jump in increments greater than 1; this implies that if multiple reinitializers coexist in\n     * a contract, executing them in the right order is up to the developer or operator.\n     */\n    modifier reinitializer(uint8 version) {\n        bool isTopLevelCall = _setInitializedVersion(version);\n        if (isTopLevelCall) {\n            _initializing = true;\n        }\n        _;\n        if (isTopLevelCall) {\n            _initializing = false;\n            emit Initialized(version);\n        }\n    }\n\n    /**\n     * @dev Modifier to protect an initialization function so that it can only be invoked by functions with the\n     * {initializer} and {reinitializer} modifiers, directly or indirectly.\n     */\n    modifier onlyInitializing() {\n        require(_initializing, \"Initializable: contract is not initializing\");\n        _;\n    }\n\n    /**\n     * @dev Locks the contract, preventing any future reinitialization. This cannot be part of an initializer call.\n     * Calling this in the constructor of a contract will prevent that contract from being initialized or reinitialized\n     * to any version. It is recommended to use this to lock implementation contracts that are designed to be called\n     * through proxies.\n     */\n    function _disableInitializers() internal virtual {\n        _setInitializedVersion(type(uint8).max);\n    }\n\n    function _setInitializedVersion(uint8 version) private returns (bool) {\n        // If the contract is initializing we ignore whether _initialized is set in order to support multiple\n        // inheritance patterns, but we only do this in the context of a constructor, and for the lowest level\n        // of initializers, because in other contexts the contract may have been reentered.\n        if (_initializing) {\n            require(\n                version == 1 && !Address.isContract(address(this)),\n                \"Initializable: contract is already initialized\"\n            );\n            return false;\n        } else {\n            require(_initialized < version, \"Initializable: contract is already initialized\");\n            _initialized = version;\n            return true;\n        }\n    }\n}\n"
    },
    "@openzeppelin/contracts/token/ERC20/IERC20.sol": {
      "content": "// SPDX-License-Identifier: MIT\n// OpenZeppelin Contracts (last updated v4.6.0) (token/ERC20/IERC20.sol)\n\npragma solidity ^0.8.0;\n\n/**\n * @dev Interface of the ERC20 standard as defined in the EIP.\n */\ninterface IERC20 {\n    /**\n     * @dev Emitted when `value` tokens are moved from one account (`from`) to\n     * another (`to`).\n     *\n     * Note that `value` may be zero.\n     */\n    event Transfer(address indexed from, address indexed to, uint256 value);\n\n    /**\n     * @dev Emitted when the allowance of a `spender` for an `owner` is set by\n     * a call to {approve}. `value` is the new allowance.\n     */\n    event Approval(address indexed owner, address indexed spender, uint256 value);\n\n    /**\n     * @dev Returns the amount of tokens in existence.\n     */\n    function totalSupply() external view returns (uint256);\n\n    /**\n     * @dev Returns the amount of tokens owned by `account`.\n     */\n    function balanceOf(address account) external view returns (uint256);\n\n    /**\n     * @dev Moves `amount` tokens from the caller's account to `to`.\n     *\n     * Returns a boolean value indicating whether the operation succeeded.\n     *\n     * Emits a {Transfer} event.\n     */\n    function transfer(address to, uint256 amount) external returns (bool);\n\n    /**\n     * @dev Returns the remaining number of tokens that `spender` will be\n     * allowed to spend on behalf of `owner` through {transferFrom}. This is\n     * zero by default.\n     *\n     * This value changes when {approve} or {transferFrom} are called.\n     */\n    function allowance(address owner, address spender) external view returns (uint256);\n\n    /**\n     * @dev Sets `amount` as the allowance of `spender` over the caller's tokens.\n     *\n     * Returns a boolean value indicating whether the operation succeeded.\n     *\n     * IMPORTANT: Beware that changing an allowance with this method brings the risk\n     * that someone may use both the old and the new allowance by unfortunate\n     * transaction ordering. One possible solution to mitigate this race\n     * condition is to first reduce the spender's allowance to 0 and set the\n     * desired value afterwards:\n     * https://github.com/ethereum/EIPs/issues/20#issuecomment-263524729\n     *\n     * Emits an {Approval} event.\n     */\n    function approve(address spender, uint256 amount) external returns (bool);\n\n    /**\n     * @dev Moves `amount` tokens from `from` to `to` using the\n     * allowance mechanism. `amount` is then deducted from the caller's\n     * allowance.\n     *\n     * Returns a boolean value indicating whether the operation succeeded.\n     *\n     * Emits a {Transfer} event.\n     */\n    function transferFrom(\n        address from,\n        address to,\n        uint256 amount\n    ) external returns (bool);\n}\n"
    },
    "@openzeppelin/contracts/token/ERC20/utils/SafeERC20.sol": {
      "content": "// SPDX-License-Identifier: MIT\n// OpenZeppelin Contracts v4.4.1 (token/ERC20/utils/SafeERC20.sol)\n\npragma solidity ^0.8.0;\n\nimport \"../IERC20.sol\";\nimport \"../../../utils/Address.sol\";\n\n/**\n * @title SafeERC20\n * @dev Wrappers around ERC20 operations that throw on failure (when the token\n * contract returns false). Tokens that return no value (and instead revert or\n * throw on failure) are also supported, non-reverting calls are assumed to be\n * successful.\n * To use this library you can add a `using SafeERC20 for IERC20;` statement to your contract,\n * which allows you to call the safe operations as `token.safeTransfer(...)`, etc.\n */\nlibrary SafeERC20 {\n    using Address for address;\n\n    function safeTransfer(\n        IERC20 token,\n        address to,\n        uint256 value\n    ) internal {\n        _callOptionalReturn(token, abi.encodeWithSelector(token.transfer.selector, to, value));\n    }\n\n    function safeTransferFrom(\n        IERC20 token,\n        address from,\n        address to,\n        uint256 value\n    ) internal {\n        _callOptionalReturn(token, abi.encodeWithSelector(token.transferFrom.selector, from, to, value));\n    }\n\n    /**\n     * @dev Deprecated. This function has issues similar to the ones found in\n     * {IERC20-approve}, and its usage is discouraged.\n     *\n     * Whenever possible, use {safeIncreaseAllowance} and\n     * {safeDecreaseAllowance} instead.\n     */\n    function safeApprove(\n        IERC20 token,\n        address spender,\n        uint256 value\n    ) internal {\n        // safeApprove should only be called when setting an initial allowance,\n        // or when resetting it to zero. To increase and decrease it, use\n        // 'safeIncreaseAllowance' and 'safeDecreaseAllowance'\n        require(\n            (value == 0) || (token.allowance(address(this), spender) == 0),\n            \"SafeERC20: approve from non-zero to non-zero allowance\"\n        );\n        _callOptionalReturn(token, abi.encodeWithSelector(token.approve.selector, spender, value));\n    }\n\n    function safeIncreaseAllowance(\n        IERC20 token,\n        address spender,\n        uint256 value\n    ) internal {\n        uint256 newAllowance = token.allowance(address(this), spender) + value;\n        _callOptionalReturn(token, abi.encodeWithSelector(token.approve.selector, spender, newAllowance));\n    }\n\n    function safeDecreaseAllowance(\n        IERC20 token,\n        address spender,\n        uint256 value\n    ) internal {\n        unchecked {\n            uint256 oldAllowance = token.allowance(address(this), spender);\n            require(oldAllowance >= value, \"SafeERC20: decreased allowance below zero\");\n            uint256 newAllowance = oldAllowance - value;\n            _callOptionalReturn(token, abi.encodeWithSelector(token.approve.selector, spender, newAllowance));\n        }\n    }\n\n    /**\n     * @dev Imitates a Solidity high-level call (i.e. a regular function call to a contract), relaxing the requirement\n     * on the return value: the return value is optional (but if data is returned, it must not be false).\n     * @param token The token targeted by the call.\n     * @param data The call data (encoded using abi.encode or one of its variants).\n     */\n    function _callOptionalReturn(IERC20 token, bytes memory data) private {\n        // We need to perform a low level call here, to bypass Solidity's return data size checking mechanism, since\n        // we're implementing it ourselves. We use {Address.functionCall} to perform this call, which verifies that\n        // the target address contains contract code and also asserts for success in the low-level call.\n\n        bytes memory returndata = address(token).functionCall(data, \"SafeERC20: low-level call failed\");\n        if (returndata.length > 0) {\n            // Return data is optional\n            require(abi.decode(returndata, (bool)), \"SafeERC20: ERC20 operation did not succeed\");\n        }\n    }\n}\n"
    },
    "@openzeppelin/contracts/utils/Address.sol": {
      "content": "// SPDX-License-Identifier: MIT\n// OpenZeppelin Contracts (last updated v4.5.0) (utils/Address.sol)\n\npragma solidity ^0.8.1;\n\n/**\n * @dev Collection of functions related to the address type\n */\nlibrary Address {\n    /**\n     * @dev Returns true if `account` is a contract.\n     *\n     * [IMPORTANT]\n     * ====\n     * It is unsafe to assume that an address for which this function returns\n     * false is an externally-owned account (EOA) and not a contract.\n     *\n     * Among others, `isContract` will return false for the following\n     * types of addresses:\n     *\n     *  - an externally-owned account\n     *  - a contract in construction\n     *  - an address where a contract will be created\n     *  - an address where a contract lived, but was destroyed\n     * ====\n     *\n     * [IMPORTANT]\n     * ====\n     * You shouldn't rely on `isContract` to protect against flash loan attacks!\n     *\n     * Preventing calls from contracts is highly discouraged. It breaks composability, breaks support for smart wallets\n     * like Gnosis Safe, and does not provide security since it can be circumvented by calling from a contract\n     * constructor.\n     * ====\n     */\n    function isContract(address account) internal view returns (bool) {\n        // This method relies on extcodesize/address.code.length, which returns 0\n        // for contracts in construction, since the code is only stored at the end\n        // of the constructor execution.\n\n        return account.code.length > 0;\n    }\n\n    /**\n     * @dev Replacement for Solidity's `transfer`: sends `amount` wei to\n     * `recipient`, forwarding all available gas and reverting on errors.\n     *\n     * https://eips.ethereum.org/EIPS/eip-1884[EIP1884] increases the gas cost\n     * of certain opcodes, possibly making contracts go over the 2300 gas limit\n     * imposed by `transfer`, making them unable to receive funds via\n     * `transfer`. {sendValue} removes this limitation.\n     *\n     * https://diligence.consensys.net/posts/2019/09/stop-using-soliditys-transfer-now/[Learn more].\n     *\n     * IMPORTANT: because control is transferred to `recipient`, care must be\n     * taken to not create reentrancy vulnerabilities. Consider using\n     * {ReentrancyGuard} or the\n     * https://solidity.readthedocs.io/en/v0.5.11/security-considerations.html#use-the-checks-effects-interactions-pattern[checks-effects-interactions pattern].\n     */\n    function sendValue(address payable recipient, uint256 amount) internal {\n        require(address(this).balance >= amount, \"Address: insufficient balance\");\n\n        (bool success, ) = recipient.call{value: amount}(\"\");\n        require(success, \"Address: unable to send value, recipient may have reverted\");\n    }\n\n    /**\n     * @dev Performs a Solidity function call using a low level `call`. A\n     * plain `call` is an unsafe replacement for a function call: use this\n     * function instead.\n     *\n     * If `target` reverts with a revert reason, it is bubbled up by this\n     * function (like regular Solidity function calls).\n     *\n     * Returns the raw returned data. To convert to the expected return value,\n     * use https://solidity.readthedocs.io/en/latest/units-and-global-variables.html?highlight=abi.decode#abi-encoding-and-decoding-functions[`abi.decode`].\n     *\n     * Requirements:\n     *\n     * - `target` must be a contract.\n     * - calling `target` with `data` must not revert.\n     *\n     * _Available since v3.1._\n     */\n    function functionCall(address target, bytes memory data) internal returns (bytes memory) {\n        return functionCall(target, data, \"Address: low-level call failed\");\n    }\n\n    /**\n     * @dev Same as {xref-Address-functionCall-address-bytes-}[`functionCall`], but with\n     * `errorMessage` as a fallback revert reason when `target` reverts.\n     *\n     * _Available since v3.1._\n     */\n    function functionCall(\n        address target,\n        bytes memory data,\n        string memory errorMessage\n    ) internal returns (bytes memory) {\n        return functionCallWithValue(target, data, 0, errorMessage);\n    }\n\n    /**\n     * @dev Same as {xref-Address-functionCall-address-bytes-}[`functionCall`],\n     * but also transferring `value` wei to `target`.\n     *\n     * Requirements:\n     *\n     * - the calling contract must have an ETH balance of at least `value`.\n     * - the called Solidity function must be `payable`.\n     *\n     * _Available since v3.1._\n     */\n    function functionCallWithValue(\n        address target,\n        bytes memory data,\n        uint256 value\n    ) internal returns (bytes memory) {\n        return functionCallWithValue(target, data, value, \"Address: low-level call with value failed\");\n    }\n\n    /**\n     * @dev Same as {xref-Address-functionCallWithValue-address-bytes-uint256-}[`functionCallWithValue`], but\n     * with `errorMessage` as a fallback revert reason when `target` reverts.\n     *\n     * _Available since v3.1._\n     */\n    function functionCallWithValue(\n        address target,\n        bytes memory data,\n        uint256 value,\n        string memory errorMessage\n    ) internal returns (bytes memory) {\n        require(address(this).balance >= value, \"Address: insufficient balance for call\");\n        require(isContract(target), \"Address: call to non-contract\");\n\n        (bool success, bytes memory returndata) = target.call{value: value}(data);\n        return verifyCallResult(success, returndata, errorMessage);\n    }\n\n    /**\n     * @dev Same as {xref-Address-functionCall-address-bytes-}[`functionCall`],\n     * but performing a static call.\n     *\n     * _Available since v3.3._\n     */\n    function functionStaticCall(address target, bytes memory data) internal view returns (bytes memory) {\n        return functionStaticCall(target, data, \"Address: low-level static call failed\");\n    }\n\n    /**\n     * @dev Same as {xref-Address-functionCall-address-bytes-string-}[`functionCall`],\n     * but performing a static call.\n     *\n     * _Available since v3.3._\n     */\n    function functionStaticCall(\n        address target,\n        bytes memory data,\n        string memory errorMessage\n    ) internal view returns (bytes memory) {\n        require(isContract(target), \"Address: static call to non-contract\");\n\n        (bool success, bytes memory returndata) = target.staticcall(data);\n        return verifyCallResult(success, returndata, errorMessage);\n    }\n\n    /**\n     * @dev Same as {xref-Address-functionCall-address-bytes-}[`functionCall`],\n     * but performing a delegate call.\n     *\n     * _Available since v3.4._\n     */\n    function functionDelegateCall(address target, bytes memory data) internal returns (bytes memory) {\n        return functionDelegateCall(target, data, \"Address: low-level delegate call failed\");\n    }\n\n    /**\n     * @dev Same as {xref-Address-functionCall-address-bytes-string-}[`functionCall`],\n     * but performing a delegate call.\n     *\n     * _Available since v3.4._\n     */\n    function functionDelegateCall(\n        address target,\n        bytes memory data,\n        string memory errorMessage\n    ) internal returns (bytes memory) {\n        require(isContract(target), \"Address: delegate call to non-contract\");\n\n        (bool success, bytes memory returndata) = target.delegatecall(data);\n        return verifyCallResult(success, returndata, errorMessage);\n    }\n\n    /**\n     * @dev Tool to verifies that a low level call was successful, and revert if it wasn't, either by bubbling the\n     * revert reason using the provided one.\n     *\n     * _Available since v4.3._\n     */\n    function verifyCallResult(\n        bool success,\n        bytes memory returndata,\n        string memory errorMessage\n    ) internal pure returns (bytes memory) {\n        if (success) {\n            return returndata;\n        } else {\n            // Look for revert reason and bubble it up if present\n            if (returndata.length > 0) {\n                // The easiest way to bubble the revert reason is using memory via assembly\n\n                assembly {\n                    let returndata_size := mload(returndata)\n                    revert(add(32, returndata), returndata_size)\n                }\n            } else {\n                revert(errorMessage);\n            }\n        }\n    }\n}\n"
    },
    "@openzeppelin/contracts/utils/Context.sol": {
      "content": "// SPDX-License-Identifier: MIT\n// OpenZeppelin Contracts v4.4.1 (utils/Context.sol)\n\npragma solidity ^0.8.0;\n\n/**\n * @dev Provides information about the current execution context, including the\n * sender of the transaction and its data. While these are generally available\n * via msg.sender and msg.data, they should not be accessed in such a direct\n * manner, since when dealing with meta-transactions the account sending and\n * paying for execution may not be the actual sender (as far as an application\n * is concerned).\n *\n * This contract is only required for intermediate, library-like contracts.\n */\nabstract contract Context {\n    function _msgSender() internal view virtual returns (address) {\n        return msg.sender;\n    }\n\n    function _msgData() internal view virtual returns (bytes calldata) {\n        return msg.data;\n    }\n}\n"
    },
    "@uniswap/v2-periphery/contracts/interfaces/IUniswapV2Router01.sol": {
      "content": "pragma solidity >=0.6.2;\n\ninterface IUniswapV2Router01 {\n    function factory() external pure returns (address);\n    function WETH() external pure returns (address);\n\n    function addLiquidity(\n        address tokenA,\n        address tokenB,\n        uint amountADesired,\n        uint amountBDesired,\n        uint amountAMin,\n        uint amountBMin,\n        address to,\n        uint deadline\n    ) external returns (uint amountA, uint amountB, uint liquidity);\n    function addLiquidityETH(\n        address token,\n        uint amountTokenDesired,\n        uint amountTokenMin,\n        uint amountETHMin,\n        address to,\n        uint deadline\n    ) external payable returns (uint amountToken, uint amountETH, uint liquidity);\n    function removeLiquidity(\n        address tokenA,\n        address tokenB,\n        uint liquidity,\n        uint amountAMin,\n        uint amountBMin,\n        address to,\n        uint deadline\n    ) external returns (uint amountA, uint amountB);\n    function removeLiquidityETH(\n        address token,\n        uint liquidity,\n        uint amountTokenMin,\n        uint amountETHMin,\n        address to,\n        uint deadline\n    ) external returns (uint amountToken, uint amountETH);\n    function removeLiquidityWithPermit(\n        address tokenA,\n        address tokenB,\n        uint liquidity,\n        uint amountAMin,\n        uint amountBMin,\n        address to,\n        uint deadline,\n        bool approveMax, uint8 v, bytes32 r, bytes32 s\n    ) external returns (uint amountA, uint amountB);\n    function removeLiquidityETHWithPermit(\n        address token,\n        uint liquidity,\n        uint amountTokenMin,\n        uint amountETHMin,\n        address to,\n        uint deadline,\n        bool approveMax, uint8 v, bytes32 r, bytes32 s\n    ) external returns (uint amountToken, uint amountETH);\n    function swapExactTokensForTokens(\n        uint amountIn,\n        uint amountOutMin,\n        address[] calldata path,\n        address to,\n        uint deadline\n    ) external returns (uint[] memory amounts);\n    function swapTokensForExactTokens(\n        uint amountOut,\n        uint amountInMax,\n        address[] calldata path,\n        address to,\n        uint deadline\n    ) external returns (uint[] memory amounts);\n    function swapExactETHForTokens(uint amountOutMin, address[] calldata path, address to, uint deadline)\n        external\n        payable\n        returns (uint[] memory amounts);\n    function swapTokensForExactETH(uint amountOut, uint amountInMax, address[] calldata path, address to, uint deadline)\n        external\n        returns (uint[] memory amounts);\n    function swapExactTokensForETH(uint amountIn, uint amountOutMin, address[] calldata path, address to, uint deadline)\n        external\n        returns (uint[] memory amounts);\n    function swapETHForExactTokens(uint amountOut, address[] calldata path, address to, uint deadline)\n        external\n        payable\n        returns (uint[] memory amounts);\n\n    function quote(uint amountA, uint reserveA, uint reserveB) external pure returns (uint amountB);\n    function getAmountOut(uint amountIn, uint reserveIn, uint reserveOut) external pure returns (uint amountOut);\n    function getAmountIn(uint amountOut, uint reserveIn, uint reserveOut) external pure returns (uint amountIn);\n    function getAmountsOut(uint amountIn, address[] calldata path) external view returns (uint[] memory amounts);\n    function getAmountsIn(uint amountOut, address[] calldata path) external view returns (uint[] memory amounts);\n}\n"
    },
    "@uniswap/v2-periphery/contracts/interfaces/IUniswapV2Router02.sol": {
      "content": "pragma solidity >=0.6.2;\n\nimport './IUniswapV2Router01.sol';\n\ninterface IUniswapV2Router02 is IUniswapV2Router01 {\n    function removeLiquidityETHSupportingFeeOnTransferTokens(\n        address token,\n        uint liquidity,\n        uint amountTokenMin,\n        uint amountETHMin,\n        address to,\n        uint deadline\n    ) external returns (uint amountETH);\n    function removeLiquidityETHWithPermitSupportingFeeOnTransferTokens(\n        address token,\n        uint liquidity,\n        uint amountTokenMin,\n        uint amountETHMin,\n        address to,\n        uint deadline,\n        bool approveMax, uint8 v, bytes32 r, bytes32 s\n    ) external returns (uint amountETH);\n\n    function swapExactTokensForTokensSupportingFeeOnTransferTokens(\n        uint amountIn,\n        uint amountOutMin,\n        address[] calldata path,\n        address to,\n        uint deadline\n    ) external;\n    function swapExactETHForTokensSupportingFeeOnTransferTokens(\n        uint amountOutMin,\n        address[] calldata path,\n        address to,\n        uint deadline\n    ) external payable;\n    function swapExactTokensForETHSupportingFeeOnTransferTokens(\n        uint amountIn,\n        uint amountOutMin,\n        address[] calldata path,\n        address to,\n        uint deadline\n    ) external;\n}\n"
    },
    "contracts/access/Governable.sol": {
      "content": "// SPDX-License-Identifier: MIT\n\npragma solidity 0.8.9;\n\nimport \"@openzeppelin/contracts/utils/Context.sol\";\nimport \"@openzeppelin/contracts/proxy/utils/Initializable.sol\";\nimport \"../interfaces/IGovernable.sol\";\n\n/**\n * @dev Contract module which provides a basic access control mechanism, where\n * there is an account (governor) that can be granted exclusive access to\n * specific functions.\n *\n * By default, the governor account will be the one that deploys the contract. This\n * can later be changed with {transferGovernorship}.\n *\n */\nabstract contract Governable is IGovernable, Context, Initializable {\n    address public governor;\n    address private proposedGovernor;\n\n    event UpdatedGovernor(address indexed previousGovernor, address indexed proposedGovernor);\n\n    /**\n     * @dev Initializes the contract setting the deployer as the initial governor.\n     */\n    constructor() {\n        address msgSender = _msgSender();\n        governor = msgSender;\n        emit UpdatedGovernor(address(0), msgSender);\n    }\n\n    /**\n     * @dev If inheriting child is using proxy then child contract can use\n     * __Governable_init() function to initialization this contract\n     */\n    // solhint-disable-next-line func-name-mixedcase\n    function __Governable_init() internal initializer {\n        address msgSender = _msgSender();\n        governor = msgSender;\n        emit UpdatedGovernor(address(0), msgSender);\n    }\n\n    /**\n     * @dev Throws if called by any account other than the governor.\n     */\n    modifier onlyGovernor() {\n        require(governor == _msgSender(), \"not-governor\");\n        _;\n    }\n\n    /**\n     * @dev Transfers governorship of the contract to a new account (`proposedGovernor`).\n     * Can only be called by the current owner.\n     */\n    function transferGovernorship(address _proposedGovernor) external onlyGovernor {\n        require(_proposedGovernor != address(0), \"proposed-governor-is-zero\");\n        proposedGovernor = _proposedGovernor;\n    }\n\n    /**\n     * @dev Allows new governor to accept governorship of the contract.\n     */\n    function acceptGovernorship() external {\n        require(proposedGovernor == _msgSender(), \"not-the-proposed-governor\");\n        emit UpdatedGovernor(governor, proposedGovernor);\n        governor = proposedGovernor;\n        proposedGovernor = address(0);\n    }\n}\n"
    },
    "contracts/interfaces/IGovernable.sol": {
      "content": "// SPDX-License-Identifier: MIT\n\npragma solidity 0.8.9;\n\n/**\n * @notice Governable interface\n */\ninterface IGovernable {\n    function governor() external view returns (address _governor);\n\n    function transferGovernorship(address _proposedGovernor) external;\n}\n"
    },
    "contracts/interfaces/swapper/IExchange.sol": {
      "content": "// SPDX-License-Identifier: MIT\n\npragma solidity <=0.8.9;\n\n/**\n * @notice Exchange interface\n */\ninterface IExchange {\n    /**\n     * @notice Get *spot* quote\n     * It will return the swap amount based on the current reserves of the best pair/path found (i.e. spot price)\n     * @dev It shouldn't be used as oracle!!!\n     */\n    function getBestAmountIn(\n        address tokenIn_,\n        address tokenOut_,\n        uint256 amountOut_\n    ) external returns (uint256 _amountIn, bytes memory _path);\n\n    /**\n     * @notice Get *spot* quote\n     * It will return the swap amount based on the current reserves of the best pair/path found (i.e. spot price)\n     * @dev It shouldn't be used as oracle!!!\n     */\n    function getBestAmountOut(\n        address tokenIn_,\n        address tokenOut_,\n        uint256 amountIn_\n    ) external returns (uint256 _amountOut, bytes memory _path);\n\n    /**\n     * @notice Perform an exact input swap\n     * @dev Should transfer `amountIn_` before performing swap\n     */\n    function swapExactInput(\n        bytes calldata path_,\n        uint256 amountIn_,\n        uint256 amountOutMin_,\n        address outReceiver_\n    ) external returns (uint256 _amountOut);\n\n    /**\n     * @notice Perform an exact output swap\n     * @dev Should transfer `amountInMax_` before performing swap\n     * @dev Sends swap remains - if any - to the `inSender_`\n     */\n    function swapExactOutput(\n        bytes calldata path_,\n        uint256 amountOut_,\n        uint256 amountInMax_,\n        address inSender_,\n        address outRecipient_\n    ) external returns (uint256 _amountIn);\n}\n"
    },
    "contracts/swapper/UniswapV2LikeExchange.sol": {
      "content": "// SPDX-License-Identifier: MIT\n\npragma solidity 0.8.9;\n\nimport \"@openzeppelin/contracts/token/ERC20/IERC20.sol\";\nimport \"@openzeppelin/contracts/token/ERC20/utils/SafeERC20.sol\";\nimport \"@uniswap/v2-periphery/contracts/interfaces/IUniswapV2Router02.sol\";\nimport \"../access/Governable.sol\";\nimport \"../interfaces/swapper/IExchange.sol\";\n\n/**\n * @notice UniswapV2 Like Exchange\n */\ncontract UniswapV2LikeExchange is IExchange, Governable {\n    using SafeERC20 for IERC20;\n\n    /**\n     * @notice The WETH-Like token (a.k.a. Native Token)\n     * @dev I.e. should be the most liquid token that offer best routers among trade pairs\n     * @dev It's usually the wrapper token of the chain's native coin but it isn't always true\n     * For instance: On Polygon, the `WETH` is more liquid than `WMATIC` on UniV3 protocol.\n     */\n    address public wethLike;\n\n    /**\n     * @notice The UniswapV2-Like router contract\n     */\n    IUniswapV2Router02 public immutable router;\n\n    /// @notice Emitted when wethLike token is updated\n    event WethLikeTokenUpdated(address oldWethLike, address newWethLike);\n\n    /**\n     * @dev Doesn't consider router.WETH() as `wethLike` because isn't guaranteed that it's the most liquid token.\n     */\n    constructor(IUniswapV2Router02 router_, address wethLike_) {\n        router = router_;\n        wethLike = wethLike_;\n    }\n\n    /// @inheritdoc IExchange\n    function getBestAmountIn(\n        address tokenIn_,\n        address tokenOut_,\n        uint256 amountOut_\n    ) external returns (uint256 _amountIn, bytes memory _path) {\n        // 1. Check IN-OUT pair\n        address[] memory _pathA = new address[](2);\n        _pathA[0] = tokenIn_;\n        _pathA[1] = tokenOut_;\n        uint256 _amountInA = _getAmountsIn(amountOut_, _pathA);\n\n        if (tokenIn_ == wethLike || tokenOut_ == wethLike) {\n            // Returns if one of the token is WETH-Like\n            require(_amountInA > 0, \"no-path-found\");\n            return (_amountInA, _encodePath(_pathA));\n        }\n\n        // 2. Check IN-WETH-OUT path\n        address[] memory _pathB = new address[](3);\n        _pathB[0] = tokenIn_;\n        _pathB[1] = wethLike;\n        _pathB[2] = tokenOut_;\n        uint256 _amountInB = _getAmountsIn(amountOut_, _pathB);\n\n        // 3. Get best route between paths A and B\n        require(_amountInA > 0 || _amountInB > 0, \"no-path-found\");\n\n        // Returns A if it's valid and better than B or if B isn't valid\n        if ((_amountInA > 0 && _amountInA < _amountInB) || _amountInB == 0) {\n            return (_amountInA, _encodePath(_pathA));\n        }\n        return (_amountInB, _encodePath(_pathB));\n    }\n\n    /// @inheritdoc IExchange\n    function getBestAmountOut(\n        address tokenIn_,\n        address tokenOut_,\n        uint256 amountIn_\n    ) external returns (uint256 _amountOut, bytes memory _path) {\n        // 1. Check IN-OUT pair\n        address[] memory _pathA = new address[](2);\n        _pathA[0] = tokenIn_;\n        _pathA[1] = tokenOut_;\n        uint256 _amountOutA = _getAmountsOut(amountIn_, _pathA);\n\n        if (tokenIn_ == wethLike || tokenOut_ == wethLike) {\n            // Returns if one of the token is WETH-Like\n            require(_amountOutA > 0, \"no-path-found\");\n            return (_amountOutA, _encodePath(_pathA));\n        }\n\n        // 2. Check IN-WETH-OUT path\n        address[] memory _pathB = new address[](3);\n        _pathB[0] = tokenIn_;\n        _pathB[1] = wethLike;\n        _pathB[2] = tokenOut_;\n        uint256 _amountOutB = _getAmountsOut(amountIn_, _pathB);\n\n        // 3. Get best route between paths A and B\n        require(_amountOutA > 0 || _amountOutB > 0, \"no-path-found\");\n        if (_amountOutA > _amountOutB) return (_amountOutA, _encodePath(_pathA));\n        return (_amountOutB, _encodePath(_pathB));\n    }\n\n    /// @inheritdoc IExchange\n    function swapExactInput(\n        bytes calldata path_,\n        uint256 amountIn_,\n        uint256 amountOutMin_,\n        address outReceiver_\n    ) external returns (uint256 _amountOut) {\n        address[] memory _path = _decodePath(path_);\n        IERC20 _tokenIn = IERC20(_path[0]);\n        if (_tokenIn.allowance(address(this), address(router)) < amountIn_) {\n            _tokenIn.approve(address(router), type(uint256).max);\n        }\n\n        _amountOut = router.swapExactTokensForTokens(amountIn_, amountOutMin_, _path, outReceiver_, block.timestamp)[\n            _path.length - 1\n        ];\n    }\n\n    /// @inheritdoc IExchange\n    function swapExactOutput(\n        bytes calldata path_,\n        uint256 amountOut_,\n        uint256 amountInMax_,\n        address inSender_,\n        address outRecipient_\n    ) external returns (uint256 _amountIn) {\n        address[] memory _path = _decodePath(path_);\n        IERC20 _tokenIn = IERC20(_path[0]);\n        if (_tokenIn.allowance(address(this), address(router)) < amountInMax_) {\n            _tokenIn.approve(address(router), type(uint256).max);\n        }\n\n        _amountIn = router.swapTokensForExactTokens(amountOut_, amountInMax_, _path, outRecipient_, block.timestamp)[0];\n        // If swap end up costly less than _amountInMax then return remaining\n        uint256 _remainingAmountIn = amountInMax_ - _amountIn;\n        if (_remainingAmountIn > 0) {\n            _tokenIn.safeTransfer(inSender_, _remainingAmountIn);\n        }\n    }\n\n    /**\n     * @notice Wraps `router.getAmountsOut()` function\n     * @dev Returns `0` if reverts\n     */\n    function _getAmountsOut(uint256 amountIn_, address[] memory path_) internal view returns (uint256 _amountOut) {\n        try router.getAmountsOut(amountIn_, path_) returns (uint256[] memory amounts) {\n            _amountOut = amounts[path_.length - 1];\n        } catch {}\n    }\n\n    /**\n     * @notice Wraps `router.getAmountsIn()` function\n     * @dev Returns `0` if reverts\n     */\n    function _getAmountsIn(uint256 _amountOut, address[] memory _path) internal view returns (uint256 _amountIn) {\n        try router.getAmountsIn(_amountOut, _path) returns (uint256[] memory amounts) {\n            _amountIn = amounts[0];\n        } catch {}\n    }\n\n    /**\n     * @notice Encode path from `address[]` to `bytes`\n     */\n    function _encodePath(address[] memory path_) private pure returns (bytes memory _path) {\n        return abi.encode(path_);\n    }\n\n    /**\n     * @notice Encode path from `bytes` to `address[]`\n     */\n    function _decodePath(bytes memory path_) private pure returns (address[] memory _path) {\n        return abi.decode(path_, (address[]));\n    }\n\n    /**\n     * @notice Update WETH-Like token\n     */\n    function updateWethLikeToken(address wethLike_) external onlyGovernor {\n        emit WethLikeTokenUpdated(wethLike, wethLike_);\n        wethLike = wethLike_;\n    }\n}\n"
    }
  }
}