{
  "language": "Solidity",
  "settings": {
    "evmVersion": "london",
    "libraries": {},
    "metadata": {
      "bytecodeHash": "ipfs",
      "useLiteralContent": true
    },
    "optimizer": {
      "enabled": true,
      "runs": 5000
    },
    "remappings": [],
    "outputSelection": {
      "*": {
        "*": [
          "evm.bytecode",
          "evm.deployedBytecode",
          "devdoc",
          "userdoc",
          "metadata",
          "abi"
        ]
      }
    }
  },
  "sources": {
    "@openzeppelin/contracts/proxy/utils/Initializable.sol": {
      "content": "// SPDX-License-Identifier: MIT\n// OpenZeppelin Contracts (last updated v4.6.0) (proxy/utils/Initializable.sol)\n\npragma solidity ^0.8.2;\n\nimport \"../../utils/Address.sol\";\n\n/**\n * @dev This is a base contract to aid in writing upgradeable contracts, or any kind of contract that will be deployed\n * behind a proxy. Since proxied contracts do not make use of a constructor, it's common to move constructor logic to an\n * external initializer function, usually called `initialize`. It then becomes necessary to protect this initializer\n * function so it can only be called once. The {initializer} modifier provided by this contract will have this effect.\n *\n * The initialization functions use a version number. Once a version number is used, it is consumed and cannot be\n * reused. This mechanism prevents re-execution of each \"step\" but allows the creation of new initialization steps in\n * case an upgrade adds a module that needs to be initialized.\n *\n * For example:\n *\n * [.hljs-theme-light.nopadding]\n * ```\n * contract MyToken is ERC20Upgradeable {\n *     function initialize() initializer public {\n *         __ERC20_init(\"MyToken\", \"MTK\");\n *     }\n * }\n * contract MyTokenV2 is MyToken, ERC20PermitUpgradeable {\n *     function initializeV2() reinitializer(2) public {\n *         __ERC20Permit_init(\"MyToken\");\n *     }\n * }\n * ```\n *\n * TIP: To avoid leaving the proxy in an uninitialized state, the initializer function should be called as early as\n * possible by providing the encoded function call as the `_data` argument to {ERC1967Proxy-constructor}.\n *\n * CAUTION: When used with inheritance, manual care must be taken to not invoke a parent initializer twice, or to ensure\n * that all initializers are idempotent. This is not verified automatically as constructors are by Solidity.\n *\n * [CAUTION]\n * ====\n * Avoid leaving a contract uninitialized.\n *\n * An uninitialized contract can be taken over by an attacker. This applies to both a proxy and its implementation\n * contract, which may impact the proxy. To prevent the implementation contract from being used, you should invoke\n * the {_disableInitializers} function in the constructor to automatically lock it when it is deployed:\n *\n * [.hljs-theme-light.nopadding]\n * ```\n * /// @custom:oz-upgrades-unsafe-allow constructor\n * constructor() {\n *     _disableInitializers();\n * }\n * ```\n * ====\n */\nabstract contract Initializable {\n    /**\n     * @dev Indicates that the contract has been initialized.\n     * @custom:oz-retyped-from bool\n     */\n    uint8 private _initialized;\n\n    /**\n     * @dev Indicates that the contract is in the process of being initialized.\n     */\n    bool private _initializing;\n\n    /**\n     * @dev Triggered when the contract has been initialized or reinitialized.\n     */\n    event Initialized(uint8 version);\n\n    /**\n     * @dev A modifier that defines a protected initializer function that can be invoked at most once. In its scope,\n     * `onlyInitializing` functions can be used to initialize parent contracts. Equivalent to `reinitializer(1)`.\n     */\n    modifier initializer() {\n        bool isTopLevelCall = _setInitializedVersion(1);\n        if (isTopLevelCall) {\n            _initializing = true;\n        }\n        _;\n        if (isTopLevelCall) {\n            _initializing = false;\n            emit Initialized(1);\n        }\n    }\n\n    /**\n     * @dev A modifier that defines a protected reinitializer function that can be invoked at most once, and only if the\n     * contract hasn't been initialized to a greater version before. In its scope, `onlyInitializing` functions can be\n     * used to initialize parent contracts.\n     *\n     * `initializer` is equivalent to `reinitializer(1)`, so a reinitializer may be used after the original\n     * initialization step. This is essential to configure modules that are added through upgrades and that require\n     * initialization.\n     *\n     * Note that versions can jump in increments greater than 1; this implies that if multiple reinitializers coexist in\n     * a contract, executing them in the right order is up to the developer or operator.\n     */\n    modifier reinitializer(uint8 version) {\n        bool isTopLevelCall = _setInitializedVersion(version);\n        if (isTopLevelCall) {\n            _initializing = true;\n        }\n        _;\n        if (isTopLevelCall) {\n            _initializing = false;\n            emit Initialized(version);\n        }\n    }\n\n    /**\n     * @dev Modifier to protect an initialization function so that it can only be invoked by functions with the\n     * {initializer} and {reinitializer} modifiers, directly or indirectly.\n     */\n    modifier onlyInitializing() {\n        require(_initializing, \"Initializable: contract is not initializing\");\n        _;\n    }\n\n    /**\n     * @dev Locks the contract, preventing any future reinitialization. This cannot be part of an initializer call.\n     * Calling this in the constructor of a contract will prevent that contract from being initialized or reinitialized\n     * to any version. It is recommended to use this to lock implementation contracts that are designed to be called\n     * through proxies.\n     */\n    function _disableInitializers() internal virtual {\n        _setInitializedVersion(type(uint8).max);\n    }\n\n    function _setInitializedVersion(uint8 version) private returns (bool) {\n        // If the contract is initializing we ignore whether _initialized is set in order to support multiple\n        // inheritance patterns, but we only do this in the context of a constructor, and for the lowest level\n        // of initializers, because in other contexts the contract may have been reentered.\n        if (_initializing) {\n            require(\n                version == 1 && !Address.isContract(address(this)),\n                \"Initializable: contract is already initialized\"\n            );\n            return false;\n        } else {\n            require(_initialized < version, \"Initializable: contract is already initialized\");\n            _initialized = version;\n            return true;\n        }\n    }\n}\n"
    },
    "@openzeppelin/contracts/token/ERC20/IERC20.sol": {
      "content": "// SPDX-License-Identifier: MIT\n// OpenZeppelin Contracts (last updated v4.6.0) (token/ERC20/IERC20.sol)\n\npragma solidity ^0.8.0;\n\n/**\n * @dev Interface of the ERC20 standard as defined in the EIP.\n */\ninterface IERC20 {\n    /**\n     * @dev Emitted when `value` tokens are moved from one account (`from`) to\n     * another (`to`).\n     *\n     * Note that `value` may be zero.\n     */\n    event Transfer(address indexed from, address indexed to, uint256 value);\n\n    /**\n     * @dev Emitted when the allowance of a `spender` for an `owner` is set by\n     * a call to {approve}. `value` is the new allowance.\n     */\n    event Approval(address indexed owner, address indexed spender, uint256 value);\n\n    /**\n     * @dev Returns the amount of tokens in existence.\n     */\n    function totalSupply() external view returns (uint256);\n\n    /**\n     * @dev Returns the amount of tokens owned by `account`.\n     */\n    function balanceOf(address account) external view returns (uint256);\n\n    /**\n     * @dev Moves `amount` tokens from the caller's account to `to`.\n     *\n     * Returns a boolean value indicating whether the operation succeeded.\n     *\n     * Emits a {Transfer} event.\n     */\n    function transfer(address to, uint256 amount) external returns (bool);\n\n    /**\n     * @dev Returns the remaining number of tokens that `spender` will be\n     * allowed to spend on behalf of `owner` through {transferFrom}. This is\n     * zero by default.\n     *\n     * This value changes when {approve} or {transferFrom} are called.\n     */\n    function allowance(address owner, address spender) external view returns (uint256);\n\n    /**\n     * @dev Sets `amount` as the allowance of `spender` over the caller's tokens.\n     *\n     * Returns a boolean value indicating whether the operation succeeded.\n     *\n     * IMPORTANT: Beware that changing an allowance with this method brings the risk\n     * that someone may use both the old and the new allowance by unfortunate\n     * transaction ordering. One possible solution to mitigate this race\n     * condition is to first reduce the spender's allowance to 0 and set the\n     * desired value afterwards:\n     * https://github.com/ethereum/EIPs/issues/20#issuecomment-263524729\n     *\n     * Emits an {Approval} event.\n     */\n    function approve(address spender, uint256 amount) external returns (bool);\n\n    /**\n     * @dev Moves `amount` tokens from `from` to `to` using the\n     * allowance mechanism. `amount` is then deducted from the caller's\n     * allowance.\n     *\n     * Returns a boolean value indicating whether the operation succeeded.\n     *\n     * Emits a {Transfer} event.\n     */\n    function transferFrom(\n        address from,\n        address to,\n        uint256 amount\n    ) external returns (bool);\n}\n"
    },
    "@openzeppelin/contracts/token/ERC20/utils/SafeERC20.sol": {
      "content": "// SPDX-License-Identifier: MIT\n// OpenZeppelin Contracts v4.4.1 (token/ERC20/utils/SafeERC20.sol)\n\npragma solidity ^0.8.0;\n\nimport \"../IERC20.sol\";\nimport \"../../../utils/Address.sol\";\n\n/**\n * @title SafeERC20\n * @dev Wrappers around ERC20 operations that throw on failure (when the token\n * contract returns false). Tokens that return no value (and instead revert or\n * throw on failure) are also supported, non-reverting calls are assumed to be\n * successful.\n * To use this library you can add a `using SafeERC20 for IERC20;` statement to your contract,\n * which allows you to call the safe operations as `token.safeTransfer(...)`, etc.\n */\nlibrary SafeERC20 {\n    using Address for address;\n\n    function safeTransfer(\n        IERC20 token,\n        address to,\n        uint256 value\n    ) internal {\n        _callOptionalReturn(token, abi.encodeWithSelector(token.transfer.selector, to, value));\n    }\n\n    function safeTransferFrom(\n        IERC20 token,\n        address from,\n        address to,\n        uint256 value\n    ) internal {\n        _callOptionalReturn(token, abi.encodeWithSelector(token.transferFrom.selector, from, to, value));\n    }\n\n    /**\n     * @dev Deprecated. This function has issues similar to the ones found in\n     * {IERC20-approve}, and its usage is discouraged.\n     *\n     * Whenever possible, use {safeIncreaseAllowance} and\n     * {safeDecreaseAllowance} instead.\n     */\n    function safeApprove(\n        IERC20 token,\n        address spender,\n        uint256 value\n    ) internal {\n        // safeApprove should only be called when setting an initial allowance,\n        // or when resetting it to zero. To increase and decrease it, use\n        // 'safeIncreaseAllowance' and 'safeDecreaseAllowance'\n        require(\n            (value == 0) || (token.allowance(address(this), spender) == 0),\n            \"SafeERC20: approve from non-zero to non-zero allowance\"\n        );\n        _callOptionalReturn(token, abi.encodeWithSelector(token.approve.selector, spender, value));\n    }\n\n    function safeIncreaseAllowance(\n        IERC20 token,\n        address spender,\n        uint256 value\n    ) internal {\n        uint256 newAllowance = token.allowance(address(this), spender) + value;\n        _callOptionalReturn(token, abi.encodeWithSelector(token.approve.selector, spender, newAllowance));\n    }\n\n    function safeDecreaseAllowance(\n        IERC20 token,\n        address spender,\n        uint256 value\n    ) internal {\n        unchecked {\n            uint256 oldAllowance = token.allowance(address(this), spender);\n            require(oldAllowance >= value, \"SafeERC20: decreased allowance below zero\");\n            uint256 newAllowance = oldAllowance - value;\n            _callOptionalReturn(token, abi.encodeWithSelector(token.approve.selector, spender, newAllowance));\n        }\n    }\n\n    /**\n     * @dev Imitates a Solidity high-level call (i.e. a regular function call to a contract), relaxing the requirement\n     * on the return value: the return value is optional (but if data is returned, it must not be false).\n     * @param token The token targeted by the call.\n     * @param data The call data (encoded using abi.encode or one of its variants).\n     */\n    function _callOptionalReturn(IERC20 token, bytes memory data) private {\n        // We need to perform a low level call here, to bypass Solidity's return data size checking mechanism, since\n        // we're implementing it ourselves. We use {Address.functionCall} to perform this call, which verifies that\n        // the target address contains contract code and also asserts for success in the low-level call.\n\n        bytes memory returndata = address(token).functionCall(data, \"SafeERC20: low-level call failed\");\n        if (returndata.length > 0) {\n            // Return data is optional\n            require(abi.decode(returndata, (bool)), \"SafeERC20: ERC20 operation did not succeed\");\n        }\n    }\n}\n"
    },
    "@openzeppelin/contracts/utils/Address.sol": {
      "content": "// SPDX-License-Identifier: MIT\n// OpenZeppelin Contracts (last updated v4.5.0) (utils/Address.sol)\n\npragma solidity ^0.8.1;\n\n/**\n * @dev Collection of functions related to the address type\n */\nlibrary Address {\n    /**\n     * @dev Returns true if `account` is a contract.\n     *\n     * [IMPORTANT]\n     * ====\n     * It is unsafe to assume that an address for which this function returns\n     * false is an externally-owned account (EOA) and not a contract.\n     *\n     * Among others, `isContract` will return false for the following\n     * types of addresses:\n     *\n     *  - an externally-owned account\n     *  - a contract in construction\n     *  - an address where a contract will be created\n     *  - an address where a contract lived, but was destroyed\n     * ====\n     *\n     * [IMPORTANT]\n     * ====\n     * You shouldn't rely on `isContract` to protect against flash loan attacks!\n     *\n     * Preventing calls from contracts is highly discouraged. It breaks composability, breaks support for smart wallets\n     * like Gnosis Safe, and does not provide security since it can be circumvented by calling from a contract\n     * constructor.\n     * ====\n     */\n    function isContract(address account) internal view returns (bool) {\n        // This method relies on extcodesize/address.code.length, which returns 0\n        // for contracts in construction, since the code is only stored at the end\n        // of the constructor execution.\n\n        return account.code.length > 0;\n    }\n\n    /**\n     * @dev Replacement for Solidity's `transfer`: sends `amount` wei to\n     * `recipient`, forwarding all available gas and reverting on errors.\n     *\n     * https://eips.ethereum.org/EIPS/eip-1884[EIP1884] increases the gas cost\n     * of certain opcodes, possibly making contracts go over the 2300 gas limit\n     * imposed by `transfer`, making them unable to receive funds via\n     * `transfer`. {sendValue} removes this limitation.\n     *\n     * https://diligence.consensys.net/posts/2019/09/stop-using-soliditys-transfer-now/[Learn more].\n     *\n     * IMPORTANT: because control is transferred to `recipient`, care must be\n     * taken to not create reentrancy vulnerabilities. Consider using\n     * {ReentrancyGuard} or the\n     * https://solidity.readthedocs.io/en/v0.5.11/security-considerations.html#use-the-checks-effects-interactions-pattern[checks-effects-interactions pattern].\n     */\n    function sendValue(address payable recipient, uint256 amount) internal {\n        require(address(this).balance >= amount, \"Address: insufficient balance\");\n\n        (bool success, ) = recipient.call{value: amount}(\"\");\n        require(success, \"Address: unable to send value, recipient may have reverted\");\n    }\n\n    /**\n     * @dev Performs a Solidity function call using a low level `call`. A\n     * plain `call` is an unsafe replacement for a function call: use this\n     * function instead.\n     *\n     * If `target` reverts with a revert reason, it is bubbled up by this\n     * function (like regular Solidity function calls).\n     *\n     * Returns the raw returned data. To convert to the expected return value,\n     * use https://solidity.readthedocs.io/en/latest/units-and-global-variables.html?highlight=abi.decode#abi-encoding-and-decoding-functions[`abi.decode`].\n     *\n     * Requirements:\n     *\n     * - `target` must be a contract.\n     * - calling `target` with `data` must not revert.\n     *\n     * _Available since v3.1._\n     */\n    function functionCall(address target, bytes memory data) internal returns (bytes memory) {\n        return functionCall(target, data, \"Address: low-level call failed\");\n    }\n\n    /**\n     * @dev Same as {xref-Address-functionCall-address-bytes-}[`functionCall`], but with\n     * `errorMessage` as a fallback revert reason when `target` reverts.\n     *\n     * _Available since v3.1._\n     */\n    function functionCall(\n        address target,\n        bytes memory data,\n        string memory errorMessage\n    ) internal returns (bytes memory) {\n        return functionCallWithValue(target, data, 0, errorMessage);\n    }\n\n    /**\n     * @dev Same as {xref-Address-functionCall-address-bytes-}[`functionCall`],\n     * but also transferring `value` wei to `target`.\n     *\n     * Requirements:\n     *\n     * - the calling contract must have an ETH balance of at least `value`.\n     * - the called Solidity function must be `payable`.\n     *\n     * _Available since v3.1._\n     */\n    function functionCallWithValue(\n        address target,\n        bytes memory data,\n        uint256 value\n    ) internal returns (bytes memory) {\n        return functionCallWithValue(target, data, value, \"Address: low-level call with value failed\");\n    }\n\n    /**\n     * @dev Same as {xref-Address-functionCallWithValue-address-bytes-uint256-}[`functionCallWithValue`], but\n     * with `errorMessage` as a fallback revert reason when `target` reverts.\n     *\n     * _Available since v3.1._\n     */\n    function functionCallWithValue(\n        address target,\n        bytes memory data,\n        uint256 value,\n        string memory errorMessage\n    ) internal returns (bytes memory) {\n        require(address(this).balance >= value, \"Address: insufficient balance for call\");\n        require(isContract(target), \"Address: call to non-contract\");\n\n        (bool success, bytes memory returndata) = target.call{value: value}(data);\n        return verifyCallResult(success, returndata, errorMessage);\n    }\n\n    /**\n     * @dev Same as {xref-Address-functionCall-address-bytes-}[`functionCall`],\n     * but performing a static call.\n     *\n     * _Available since v3.3._\n     */\n    function functionStaticCall(address target, bytes memory data) internal view returns (bytes memory) {\n        return functionStaticCall(target, data, \"Address: low-level static call failed\");\n    }\n\n    /**\n     * @dev Same as {xref-Address-functionCall-address-bytes-string-}[`functionCall`],\n     * but performing a static call.\n     *\n     * _Available since v3.3._\n     */\n    function functionStaticCall(\n        address target,\n        bytes memory data,\n        string memory errorMessage\n    ) internal view returns (bytes memory) {\n        require(isContract(target), \"Address: static call to non-contract\");\n\n        (bool success, bytes memory returndata) = target.staticcall(data);\n        return verifyCallResult(success, returndata, errorMessage);\n    }\n\n    /**\n     * @dev Same as {xref-Address-functionCall-address-bytes-}[`functionCall`],\n     * but performing a delegate call.\n     *\n     * _Available since v3.4._\n     */\n    function functionDelegateCall(address target, bytes memory data) internal returns (bytes memory) {\n        return functionDelegateCall(target, data, \"Address: low-level delegate call failed\");\n    }\n\n    /**\n     * @dev Same as {xref-Address-functionCall-address-bytes-string-}[`functionCall`],\n     * but performing a delegate call.\n     *\n     * _Available since v3.4._\n     */\n    function functionDelegateCall(\n        address target,\n        bytes memory data,\n        string memory errorMessage\n    ) internal returns (bytes memory) {\n        require(isContract(target), \"Address: delegate call to non-contract\");\n\n        (bool success, bytes memory returndata) = target.delegatecall(data);\n        return verifyCallResult(success, returndata, errorMessage);\n    }\n\n    /**\n     * @dev Tool to verifies that a low level call was successful, and revert if it wasn't, either by bubbling the\n     * revert reason using the provided one.\n     *\n     * _Available since v4.3._\n     */\n    function verifyCallResult(\n        bool success,\n        bytes memory returndata,\n        string memory errorMessage\n    ) internal pure returns (bytes memory) {\n        if (success) {\n            return returndata;\n        } else {\n            // Look for revert reason and bubble it up if present\n            if (returndata.length > 0) {\n                // The easiest way to bubble the revert reason is using memory via assembly\n\n                assembly {\n                    let returndata_size := mload(returndata)\n                    revert(add(32, returndata), returndata_size)\n                }\n            } else {\n                revert(errorMessage);\n            }\n        }\n    }\n}\n"
    },
    "@openzeppelin/contracts/utils/Context.sol": {
      "content": "// SPDX-License-Identifier: MIT\n// OpenZeppelin Contracts v4.4.1 (utils/Context.sol)\n\npragma solidity ^0.8.0;\n\n/**\n * @dev Provides information about the current execution context, including the\n * sender of the transaction and its data. While these are generally available\n * via msg.sender and msg.data, they should not be accessed in such a direct\n * manner, since when dealing with meta-transactions the account sending and\n * paying for execution may not be the actual sender (as far as an application\n * is concerned).\n *\n * This contract is only required for intermediate, library-like contracts.\n */\nabstract contract Context {\n    function _msgSender() internal view virtual returns (address) {\n        return msg.sender;\n    }\n\n    function _msgData() internal view virtual returns (bytes calldata) {\n        return msg.data;\n    }\n}\n"
    },
    "@openzeppelin/contracts/utils/structs/EnumerableSet.sol": {
      "content": "// SPDX-License-Identifier: MIT\n// OpenZeppelin Contracts (last updated v4.6.0) (utils/structs/EnumerableSet.sol)\n\npragma solidity ^0.8.0;\n\n/**\n * @dev Library for managing\n * https://en.wikipedia.org/wiki/Set_(abstract_data_type)[sets] of primitive\n * types.\n *\n * Sets have the following properties:\n *\n * - Elements are added, removed, and checked for existence in constant time\n * (O(1)).\n * - Elements are enumerated in O(n). No guarantees are made on the ordering.\n *\n * ```\n * contract Example {\n *     // Add the library methods\n *     using EnumerableSet for EnumerableSet.AddressSet;\n *\n *     // Declare a set state variable\n *     EnumerableSet.AddressSet private mySet;\n * }\n * ```\n *\n * As of v3.3.0, sets of type `bytes32` (`Bytes32Set`), `address` (`AddressSet`)\n * and `uint256` (`UintSet`) are supported.\n */\nlibrary EnumerableSet {\n    // To implement this library for multiple types with as little code\n    // repetition as possible, we write it in terms of a generic Set type with\n    // bytes32 values.\n    // The Set implementation uses private functions, and user-facing\n    // implementations (such as AddressSet) are just wrappers around the\n    // underlying Set.\n    // This means that we can only create new EnumerableSets for types that fit\n    // in bytes32.\n\n    struct Set {\n        // Storage of set values\n        bytes32[] _values;\n        // Position of the value in the `values` array, plus 1 because index 0\n        // means a value is not in the set.\n        mapping(bytes32 => uint256) _indexes;\n    }\n\n    /**\n     * @dev Add a value to a set. O(1).\n     *\n     * Returns true if the value was added to the set, that is if it was not\n     * already present.\n     */\n    function _add(Set storage set, bytes32 value) private returns (bool) {\n        if (!_contains(set, value)) {\n            set._values.push(value);\n            // The value is stored at length-1, but we add 1 to all indexes\n            // and use 0 as a sentinel value\n            set._indexes[value] = set._values.length;\n            return true;\n        } else {\n            return false;\n        }\n    }\n\n    /**\n     * @dev Removes a value from a set. O(1).\n     *\n     * Returns true if the value was removed from the set, that is if it was\n     * present.\n     */\n    function _remove(Set storage set, bytes32 value) private returns (bool) {\n        // We read and store the value's index to prevent multiple reads from the same storage slot\n        uint256 valueIndex = set._indexes[value];\n\n        if (valueIndex != 0) {\n            // Equivalent to contains(set, value)\n            // To delete an element from the _values array in O(1), we swap the element to delete with the last one in\n            // the array, and then remove the last element (sometimes called as 'swap and pop').\n            // This modifies the order of the array, as noted in {at}.\n\n            uint256 toDeleteIndex = valueIndex - 1;\n            uint256 lastIndex = set._values.length - 1;\n\n            if (lastIndex != toDeleteIndex) {\n                bytes32 lastValue = set._values[lastIndex];\n\n                // Move the last value to the index where the value to delete is\n                set._values[toDeleteIndex] = lastValue;\n                // Update the index for the moved value\n                set._indexes[lastValue] = valueIndex; // Replace lastValue's index to valueIndex\n            }\n\n            // Delete the slot where the moved value was stored\n            set._values.pop();\n\n            // Delete the index for the deleted slot\n            delete set._indexes[value];\n\n            return true;\n        } else {\n            return false;\n        }\n    }\n\n    /**\n     * @dev Returns true if the value is in the set. O(1).\n     */\n    function _contains(Set storage set, bytes32 value) private view returns (bool) {\n        return set._indexes[value] != 0;\n    }\n\n    /**\n     * @dev Returns the number of values on the set. O(1).\n     */\n    function _length(Set storage set) private view returns (uint256) {\n        return set._values.length;\n    }\n\n    /**\n     * @dev Returns the value stored at position `index` in the set. O(1).\n     *\n     * Note that there are no guarantees on the ordering of values inside the\n     * array, and it may change when more values are added or removed.\n     *\n     * Requirements:\n     *\n     * - `index` must be strictly less than {length}.\n     */\n    function _at(Set storage set, uint256 index) private view returns (bytes32) {\n        return set._values[index];\n    }\n\n    /**\n     * @dev Return the entire set in an array\n     *\n     * WARNING: This operation will copy the entire storage to memory, which can be quite expensive. This is designed\n     * to mostly be used by view accessors that are queried without any gas fees. Developers should keep in mind that\n     * this function has an unbounded cost, and using it as part of a state-changing function may render the function\n     * uncallable if the set grows to a point where copying to memory consumes too much gas to fit in a block.\n     */\n    function _values(Set storage set) private view returns (bytes32[] memory) {\n        return set._values;\n    }\n\n    // Bytes32Set\n\n    struct Bytes32Set {\n        Set _inner;\n    }\n\n    /**\n     * @dev Add a value to a set. O(1).\n     *\n     * Returns true if the value was added to the set, that is if it was not\n     * already present.\n     */\n    function add(Bytes32Set storage set, bytes32 value) internal returns (bool) {\n        return _add(set._inner, value);\n    }\n\n    /**\n     * @dev Removes a value from a set. O(1).\n     *\n     * Returns true if the value was removed from the set, that is if it was\n     * present.\n     */\n    function remove(Bytes32Set storage set, bytes32 value) internal returns (bool) {\n        return _remove(set._inner, value);\n    }\n\n    /**\n     * @dev Returns true if the value is in the set. O(1).\n     */\n    function contains(Bytes32Set storage set, bytes32 value) internal view returns (bool) {\n        return _contains(set._inner, value);\n    }\n\n    /**\n     * @dev Returns the number of values in the set. O(1).\n     */\n    function length(Bytes32Set storage set) internal view returns (uint256) {\n        return _length(set._inner);\n    }\n\n    /**\n     * @dev Returns the value stored at position `index` in the set. O(1).\n     *\n     * Note that there are no guarantees on the ordering of values inside the\n     * array, and it may change when more values are added or removed.\n     *\n     * Requirements:\n     *\n     * - `index` must be strictly less than {length}.\n     */\n    function at(Bytes32Set storage set, uint256 index) internal view returns (bytes32) {\n        return _at(set._inner, index);\n    }\n\n    /**\n     * @dev Return the entire set in an array\n     *\n     * WARNING: This operation will copy the entire storage to memory, which can be quite expensive. This is designed\n     * to mostly be used by view accessors that are queried without any gas fees. Developers should keep in mind that\n     * this function has an unbounded cost, and using it as part of a state-changing function may render the function\n     * uncallable if the set grows to a point where copying to memory consumes too much gas to fit in a block.\n     */\n    function values(Bytes32Set storage set) internal view returns (bytes32[] memory) {\n        return _values(set._inner);\n    }\n\n    // AddressSet\n\n    struct AddressSet {\n        Set _inner;\n    }\n\n    /**\n     * @dev Add a value to a set. O(1).\n     *\n     * Returns true if the value was added to the set, that is if it was not\n     * already present.\n     */\n    function add(AddressSet storage set, address value) internal returns (bool) {\n        return _add(set._inner, bytes32(uint256(uint160(value))));\n    }\n\n    /**\n     * @dev Removes a value from a set. O(1).\n     *\n     * Returns true if the value was removed from the set, that is if it was\n     * present.\n     */\n    function remove(AddressSet storage set, address value) internal returns (bool) {\n        return _remove(set._inner, bytes32(uint256(uint160(value))));\n    }\n\n    /**\n     * @dev Returns true if the value is in the set. O(1).\n     */\n    function contains(AddressSet storage set, address value) internal view returns (bool) {\n        return _contains(set._inner, bytes32(uint256(uint160(value))));\n    }\n\n    /**\n     * @dev Returns the number of values in the set. O(1).\n     */\n    function length(AddressSet storage set) internal view returns (uint256) {\n        return _length(set._inner);\n    }\n\n    /**\n     * @dev Returns the value stored at position `index` in the set. O(1).\n     *\n     * Note that there are no guarantees on the ordering of values inside the\n     * array, and it may change when more values are added or removed.\n     *\n     * Requirements:\n     *\n     * - `index` must be strictly less than {length}.\n     */\n    function at(AddressSet storage set, uint256 index) internal view returns (address) {\n        return address(uint160(uint256(_at(set._inner, index))));\n    }\n\n    /**\n     * @dev Return the entire set in an array\n     *\n     * WARNING: This operation will copy the entire storage to memory, which can be quite expensive. This is designed\n     * to mostly be used by view accessors that are queried without any gas fees. Developers should keep in mind that\n     * this function has an unbounded cost, and using it as part of a state-changing function may render the function\n     * uncallable if the set grows to a point where copying to memory consumes too much gas to fit in a block.\n     */\n    function values(AddressSet storage set) internal view returns (address[] memory) {\n        bytes32[] memory store = _values(set._inner);\n        address[] memory result;\n\n        assembly {\n            result := store\n        }\n\n        return result;\n    }\n\n    // UintSet\n\n    struct UintSet {\n        Set _inner;\n    }\n\n    /**\n     * @dev Add a value to a set. O(1).\n     *\n     * Returns true if the value was added to the set, that is if it was not\n     * already present.\n     */\n    function add(UintSet storage set, uint256 value) internal returns (bool) {\n        return _add(set._inner, bytes32(value));\n    }\n\n    /**\n     * @dev Removes a value from a set. O(1).\n     *\n     * Returns true if the value was removed from the set, that is if it was\n     * present.\n     */\n    function remove(UintSet storage set, uint256 value) internal returns (bool) {\n        return _remove(set._inner, bytes32(value));\n    }\n\n    /**\n     * @dev Returns true if the value is in the set. O(1).\n     */\n    function contains(UintSet storage set, uint256 value) internal view returns (bool) {\n        return _contains(set._inner, bytes32(value));\n    }\n\n    /**\n     * @dev Returns the number of values on the set. O(1).\n     */\n    function length(UintSet storage set) internal view returns (uint256) {\n        return _length(set._inner);\n    }\n\n    /**\n     * @dev Returns the value stored at position `index` in the set. O(1).\n     *\n     * Note that there are no guarantees on the ordering of values inside the\n     * array, and it may change when more values are added or removed.\n     *\n     * Requirements:\n     *\n     * - `index` must be strictly less than {length}.\n     */\n    function at(UintSet storage set, uint256 index) internal view returns (uint256) {\n        return uint256(_at(set._inner, index));\n    }\n\n    /**\n     * @dev Return the entire set in an array\n     *\n     * WARNING: This operation will copy the entire storage to memory, which can be quite expensive. This is designed\n     * to mostly be used by view accessors that are queried without any gas fees. Developers should keep in mind that\n     * this function has an unbounded cost, and using it as part of a state-changing function may render the function\n     * uncallable if the set grows to a point where copying to memory consumes too much gas to fit in a block.\n     */\n    function values(UintSet storage set) internal view returns (uint256[] memory) {\n        bytes32[] memory store = _values(set._inner);\n        uint256[] memory result;\n\n        assembly {\n            result := store\n        }\n\n        return result;\n    }\n}\n"
    },
    "contracts/access/Governable.sol": {
      "content": "// SPDX-License-Identifier: MIT\n\npragma solidity 0.8.9;\n\nimport \"@openzeppelin/contracts/utils/Context.sol\";\nimport \"@openzeppelin/contracts/proxy/utils/Initializable.sol\";\nimport \"../interfaces/IGovernable.sol\";\n\n/**\n * @dev Contract module which provides a basic access control mechanism, where\n * there is an account (governor) that can be granted exclusive access to\n * specific functions.\n *\n * By default, the governor account will be the one that deploys the contract. This\n * can later be changed with {transferGovernorship}.\n *\n */\nabstract contract Governable is IGovernable, Context, Initializable {\n    address public governor;\n    address private proposedGovernor;\n\n    event UpdatedGovernor(address indexed previousGovernor, address indexed proposedGovernor);\n\n    /**\n     * @dev Initializes the contract setting the deployer as the initial governor.\n     */\n    constructor() {\n        address msgSender = _msgSender();\n        governor = msgSender;\n        emit UpdatedGovernor(address(0), msgSender);\n    }\n\n    /**\n     * @dev If inheriting child is using proxy then child contract can use\n     * __Governable_init() function to initialization this contract\n     */\n    // solhint-disable-next-line func-name-mixedcase\n    function __Governable_init() internal initializer {\n        address msgSender = _msgSender();\n        governor = msgSender;\n        emit UpdatedGovernor(address(0), msgSender);\n    }\n\n    /**\n     * @dev Throws if called by any account other than the governor.\n     */\n    modifier onlyGovernor() {\n        require(governor == _msgSender(), \"not-governor\");\n        _;\n    }\n\n    /**\n     * @dev Transfers governorship of the contract to a new account (`proposedGovernor`).\n     * Can only be called by the current owner.\n     */\n    function transferGovernorship(address _proposedGovernor) external onlyGovernor {\n        require(_proposedGovernor != address(0), \"proposed-governor-is-zero\");\n        proposedGovernor = _proposedGovernor;\n    }\n\n    /**\n     * @dev Allows new governor to accept governorship of the contract.\n     */\n    function acceptGovernorship() external {\n        require(proposedGovernor == _msgSender(), \"not-the-proposed-governor\");\n        emit UpdatedGovernor(governor, proposedGovernor);\n        governor = proposedGovernor;\n        proposedGovernor = address(0);\n    }\n}\n"
    },
    "contracts/interfaces/IGovernable.sol": {
      "content": "// SPDX-License-Identifier: MIT\n\npragma solidity 0.8.9;\n\n/**\n * @notice Governable interface\n */\ninterface IGovernable {\n    function governor() external view returns (address _governor);\n\n    function transferGovernorship(address _proposedGovernor) external;\n}\n"
    },
    "contracts/interfaces/periphery/IOracle.sol": {
      "content": "// SPDX-License-Identifier: MIT\n\npragma solidity 0.8.9;\n\ninterface IOracle {\n    /**\n     * @notice Get USD (or equivalent) price of an asset\n     * @param token_ The address of asset\n     * @return _priceInUsd The USD price\n     */\n    function getPriceInUsd(address token_) external view returns (uint256 _priceInUsd);\n\n    /**\n     * @notice Get quote\n     * @param tokenIn_ The address of assetIn\n     * @param tokenOut_ The address of assetOut\n     * @param amountIn_ Amount of input token\n     * @return _amountOut Amount out\n     */\n    function quote(\n        address tokenIn_,\n        address tokenOut_,\n        uint256 amountIn_\n    ) external view returns (uint256 _amountOut);\n\n    /**\n     * @notice Get quote in USD (or equivalent) amount\n     * @param token_ The address of assetIn\n     * @param amountIn_ Amount of input token.\n     * @return amountOut_ Amount in USD\n     */\n    function quoteTokenToUsd(address token_, uint256 amountIn_) external view returns (uint256 amountOut_);\n\n    /**\n     * @notice Get quote from USD (or equivalent) amount to amount of token\n     * @param token_ The address of assetOut\n     * @param amountIn_ Input amount in USD\n     * @return _amountOut Output amount of token\n     */\n    function quoteUsdToToken(address token_, uint256 amountIn_) external view returns (uint256 _amountOut);\n}\n"
    },
    "contracts/interfaces/swapper/IExchange.sol": {
      "content": "// SPDX-License-Identifier: MIT\n\npragma solidity <=0.8.9;\n\n/**\n * @notice Exchange interface\n */\ninterface IExchange {\n    /**\n     * @notice Get *spot* quote\n     * It will return the swap amount based on the current reserves of the best pair/path found (i.e. spot price)\n     * @dev It shouldn't be used as oracle!!!\n     */\n    function getBestAmountIn(\n        address tokenIn_,\n        address tokenOut_,\n        uint256 amountOut_\n    ) external returns (uint256 _amountIn, bytes memory _path);\n\n    /**\n     * @notice Get *spot* quote\n     * It will return the swap amount based on the current reserves of the best pair/path found (i.e. spot price)\n     * @dev It shouldn't be used as oracle!!!\n     */\n    function getBestAmountOut(\n        address tokenIn_,\n        address tokenOut_,\n        uint256 amountIn_\n    ) external returns (uint256 _amountOut, bytes memory _path);\n\n    /**\n     * @notice Perform an exact input swap\n     * @dev Should transfer `amountIn_` before performing swap\n     */\n    function swapExactInput(\n        bytes calldata path_,\n        uint256 amountIn_,\n        uint256 amountOutMin_,\n        address outReceiver_\n    ) external returns (uint256 _amountOut);\n\n    /**\n     * @notice Perform an exact output swap\n     * @dev Should transfer `amountInMax_` before performing swap\n     * @dev Sends swap remains - if any - to the `inSender_`\n     */\n    function swapExactOutput(\n        bytes calldata path_,\n        uint256 amountOut_,\n        uint256 amountInMax_,\n        address inSender_,\n        address outRecipient_\n    ) external returns (uint256 _amountIn);\n}\n"
    },
    "contracts/interfaces/swapper/ISwapper.sol": {
      "content": "// SPDX-License-Identifier: MIT\n\npragma solidity 0.8.9;\n\nimport \"../periphery/IOracle.sol\";\nimport \"./IExchange.sol\";\n\n/**\n * @notice Swapper interface\n * @dev This contract doesn't support native coins (e.g. ETH, AVAX, MATIC, etc) use wrapper tokens instead\n */\ninterface ISwapper {\n    /**\n     * @notice The list of supported DEXes\n     * @dev This function is gas intensive\n     */\n    function getAllExchanges() external view returns (address[] memory);\n\n    /**\n     * @notice The list of main DEXes\n     * @dev This function is gas intensive\n     */\n    function getMainExchanges() external view returns (address[] memory);\n\n    /**\n     * @notice Oracle to get prices from\n     * @dev Is used combined with `slippage` in order to check swaps outcomes and reject if aren't acceptable\n     */\n    function oracle() external view returns (IOracle);\n\n    /**\n     * @notice Get max acceptable slippage\n     * @dev Swaps will revert if actual output from swap is too far from oracle price\n     */\n    function maxSlippage() external view returns (uint256);\n\n    /**\n     * @notice Get *spot* quote\n     * It will return the swap amount based on the current reserves of the best pair/path found (i.e. spot price).\n     * @dev It shouldn't be used as oracle!!!\n     */\n    function getBestAmountIn(\n        address tokenIn_,\n        address tokenOut_,\n        uint256 amountOut_\n    )\n        external\n        returns (\n            uint256 _amountInMax,\n            IExchange _exchange,\n            bytes memory _path\n        );\n\n    /**\n     * @notice Get *spot* quote\n     * It will return the swap amount based on the current reserves of the best pair/path found (i.e. spot price).\n     * @dev It shouldn't be used as oracle!!!\n     */\n    function getBestAmountOut(\n        address tokenIn_,\n        address tokenOut_,\n        uint256 amountIn_\n    )\n        external\n        returns (\n            uint256 _amountOutMin,\n            IExchange _exchange,\n            bytes memory _path\n        );\n\n    /**\n     * @notice Perform an exact input swap\n     */\n    function swapExactInput(\n        address tokenIn_,\n        address tokenOut_,\n        uint256 amountIn_,\n        address _receiver\n    ) external returns (uint256 _amountOut);\n\n    /**\n     * @notice Perform an exact input swap - will revert if there is no default routing\n     */\n    function swapExactInputWithDefaultRouting(\n        address tokenIn_,\n        address tokenOut_,\n        uint256 amountIn_,\n        uint256 amountOutMin_,\n        address _receiver\n    ) external returns (uint256 _amountOut);\n\n    /**\n     * @notice Perform an exact output swap\n     */\n    function swapExactOutput(\n        address tokenIn_,\n        address tokenOut_,\n        uint256 amountOut_,\n        address _receiver\n    ) external returns (uint256 _amountIn);\n\n    /**\n     * @notice Perform an exact output swap - will revert if there is no default routing\n     */\n    function swapExactOutputWithDefaultRouting(\n        address tokenIn_,\n        address tokenOut_,\n        uint256 amountOut_,\n        uint256 amountInMax_,\n        address receiver_\n    ) external returns (uint256 _amountIn);\n}\n"
    },
    "contracts/libraries/DataTypes.sol": {
      "content": "// SPDX-License-Identifier: MIT\n\npragma solidity 0.8.9;\n\nlibrary DataTypes {\n    /**\n     * @notice Price providers enumeration\n     */\n    enum Provider {\n        NONE,\n        CHAINLINK,\n        UNISWAP_V3,\n        UNISWAP_V2,\n        SUSHISWAP,\n        TRADERJOE,\n        PANGOLIN,\n        QUICKSWAP,\n        UMBRELLA_FIRST_CLASS,\n        UMBRELLA_PASSPORT,\n        FLUX\n    }\n\n    enum ExchangeType {\n        UNISWAP_V2,\n        SUSHISWAP,\n        TRADERJOE,\n        PANGOLIN,\n        QUICKSWAP,\n        UNISWAP_V3\n    }\n\n    enum SwapType {\n        EXACT_INPUT,\n        EXACT_OUTPUT\n    }\n}\n"
    },
    "contracts/swapper/Swapper.sol": {
      "content": "// SPDX-License-Identifier: MIT\n\npragma solidity 0.8.9;\n\nimport \"@openzeppelin/contracts/utils/structs/EnumerableSet.sol\";\nimport \"@openzeppelin/contracts/token/ERC20/IERC20.sol\";\nimport \"@openzeppelin/contracts/token/ERC20/utils/SafeERC20.sol\";\nimport \"../access/Governable.sol\";\nimport \"../interfaces/swapper/ISwapper.sol\";\nimport \"../interfaces/swapper/IExchange.sol\";\nimport \"../libraries/DataTypes.sol\";\n\n/**\n * @notice Swapper contract\n * This contract encapsulates DEXes and use them to perform swaps using the best trade path as possible\n */\ncontract Swapper is ISwapper, Governable {\n    using SafeERC20 for IERC20;\n    using EnumerableSet for EnumerableSet.AddressSet;\n\n    /**\n     * @notice List of the supported exchanges\n     */\n    EnumerableSet.AddressSet private allExchanges;\n\n    /**\n     * @notice List of the exchanges to loop over when getting best paths\n     */\n    EnumerableSet.AddressSet private mainExchanges;\n\n    /**\n     * @notice Mapping of exchanges' addresses by type\n     */\n    mapping(DataTypes.ExchangeType => address) public addressOf;\n\n    /**\n     * @notice Default swap routings\n     * @dev Used to save gas by using a preset routing instead of looking for the best\n     */\n    mapping(bytes => bytes) public defaultRoutings;\n\n    /**\n     * @notice The oracle contract\n     * @dev This is used to set acceptable slippage parameters\n     */\n    IOracle public override oracle;\n\n    /**\n     * @notice Max slippage acceptable\n     * @dev Use 18 decimals (e.g. 0.2e18 = 20%)\n     */\n    uint256 public override maxSlippage;\n\n    /// @notice Emitted when an exchange is added\n    event ExchangeUpdated(\n        DataTypes.ExchangeType indexed exchangeType,\n        address indexed oldExchange,\n        address indexed newExchange\n    );\n\n    /// @notice Emitted when an exchanges to loop over are updated\n    event ExchangeAsMainUpdated(DataTypes.ExchangeType indexed exchangeType, bool isMain);\n\n    /// @notice Emitted when the oracle is updated\n    event OracleUpdated(IOracle indexed oldOracle, IOracle indexed newOracle);\n\n    /// @notice Emitted when the max slippage is updated\n    event MaxSlippageUpdated(uint256 oldMaxSlippage, uint256 newMaxSlippage);\n\n    /// @notice Emitted when exact-input swap is executed\n    event SwapExactInput(\n        IExchange indexed exchange,\n        bytes path,\n        address indexed tokenIn,\n        address indexed tokenOut,\n        uint256 amountIn,\n        uint256 amountOut\n    );\n\n    /// @notice Emitted when exact-output swap is executed\n    event SwapExactOutput(\n        IExchange indexed exchange,\n        bytes path,\n        address indexed tokenIn,\n        address indexed tokenOut,\n        uint256 amountInMax,\n        uint256 amountIn,\n        uint256 amountOut\n    );\n\n    /// @notice Emitted when default routing is updated\n    event DefaultRoutingUpdated(bytes key, bytes oldRouting, bytes newRouting);\n\n    constructor(IOracle oracle_, uint256 maxSlippage_) {\n        oracle = oracle_;\n        maxSlippage = maxSlippage_;\n    }\n\n    /// @inheritdoc ISwapper\n    function getBestAmountIn(\n        address tokenIn_,\n        address tokenOut_,\n        uint256 amountOut_\n    )\n        public\n        returns (\n            uint256 _amountInMax,\n            IExchange _exchange,\n            bytes memory _path\n        )\n    {\n        _amountInMax = (oracle.quote(tokenOut_, tokenIn_, amountOut_) * (1e18 + maxSlippage)) / 1e18;\n\n        // 1. Return default routing if any\n        bytes memory _defaultRouting = defaultRoutings[\n            abi.encodePacked(DataTypes.SwapType.EXACT_OUTPUT, tokenIn_, tokenOut_)\n        ];\n        if (_defaultRouting.length > 0) {\n            DataTypes.ExchangeType _exchangeType;\n            (_exchangeType, _path) = abi.decode(_defaultRouting, (DataTypes.ExchangeType, bytes));\n            return (_amountInMax, IExchange(addressOf[_exchangeType]), _path);\n        }\n\n        // 2. Look for the best routing\n        uint256 _amountIn = type(uint256).max;\n        uint256 _len = mainExchanges.length();\n        for (uint256 i; i < _len; ++i) {\n            IExchange _iExchange = IExchange(mainExchanges.at(i));\n            (uint256 _iAmountIn, bytes memory _iPath) = _iExchange.getBestAmountIn(tokenIn_, tokenOut_, amountOut_);\n            if (_iAmountIn > 0 && _iAmountIn < _amountIn && _iAmountIn <= _amountInMax) {\n                _amountIn = _iAmountIn;\n                _exchange = _iExchange;\n                _path = _iPath;\n            }\n        }\n        require(_path.length > 0, \"no-routing-found\");\n    }\n\n    /// @inheritdoc ISwapper\n    function getBestAmountOut(\n        address tokenIn_,\n        address tokenOut_,\n        uint256 amountIn_\n    )\n        public\n        returns (\n            uint256 _amountOutMin,\n            IExchange _exchange,\n            bytes memory _path\n        )\n    {\n        _amountOutMin = (oracle.quote(tokenIn_, tokenOut_, amountIn_) * (1e18 - maxSlippage)) / 1e18;\n\n        // 1. Return default routing if any\n        bytes memory _defaultRouting = defaultRoutings[\n            abi.encodePacked(DataTypes.SwapType.EXACT_INPUT, tokenIn_, tokenOut_)\n        ];\n        if (_defaultRouting.length > 0) {\n            DataTypes.ExchangeType _exchangeType;\n            (_exchangeType, _path) = abi.decode(_defaultRouting, (DataTypes.ExchangeType, bytes));\n            return (_amountOutMin, IExchange(addressOf[_exchangeType]), _path);\n        }\n\n        // 2. Look for the best routing\n        uint256 _amountOut;\n        uint256 _len = mainExchanges.length();\n        for (uint256 i; i < _len; ++i) {\n            IExchange _iExchange = IExchange(mainExchanges.at(i));\n            (uint256 _iAmountOut, bytes memory _iPath) = _iExchange.getBestAmountOut(tokenIn_, tokenOut_, amountIn_);\n            if (_iAmountOut > _amountOut && _iAmountOut >= _amountOutMin) {\n                _amountOut = _iAmountOut;\n                _exchange = _iExchange;\n                _path = _iPath;\n            }\n        }\n\n        require(_path.length > 0, \"no-routing-found\");\n    }\n\n    /// @inheritdoc ISwapper\n    function getAllExchanges() external view override returns (address[] memory) {\n        return allExchanges.values();\n    }\n\n    /// @inheritdoc ISwapper\n    function getMainExchanges() external view override returns (address[] memory) {\n        return mainExchanges.values();\n    }\n\n    /// @inheritdoc ISwapper\n    function swapExactInput(\n        address tokenIn_,\n        address tokenOut_,\n        uint256 amountIn_,\n        address receiver_\n    ) external returns (uint256 _amountOut) {\n        (uint256 _amountOutMin, IExchange _exchange, bytes memory _path) = getBestAmountOut(\n            tokenIn_,\n            tokenOut_,\n            amountIn_\n        );\n        return _swapExactInput(tokenIn_, tokenOut_, amountIn_, receiver_, _amountOutMin, _exchange, _path);\n    }\n\n    /// @inheritdoc ISwapper\n    function swapExactInputWithDefaultRouting(\n        address tokenIn_,\n        address tokenOut_,\n        uint256 amountIn_,\n        uint256 amountOutMin_,\n        address receiver_\n    ) external returns (uint256 _amountOut) {\n        bytes memory _defaultRouting = defaultRoutings[\n            abi.encodePacked(DataTypes.SwapType.EXACT_INPUT, tokenIn_, tokenOut_)\n        ];\n        require(_defaultRouting.length > 0, \"no-default-routing-found\");\n        (DataTypes.ExchangeType _exchangeType, bytes memory _path) = abi.decode(\n            _defaultRouting,\n            (DataTypes.ExchangeType, bytes)\n        );\n        return\n            _swapExactInput(\n                tokenIn_,\n                tokenOut_,\n                amountIn_,\n                receiver_,\n                amountOutMin_,\n                IExchange(addressOf[_exchangeType]),\n                _path\n            );\n    }\n\n    /// @inheritdoc ISwapper\n    function swapExactOutput(\n        address tokenIn_,\n        address tokenOut_,\n        uint256 amountOut_,\n        address receiver_\n    ) external returns (uint256 _amountIn) {\n        (uint256 _amountInMax, IExchange _exchange, bytes memory _path) = getBestAmountIn(\n            tokenIn_,\n            tokenOut_,\n            amountOut_\n        );\n        return _swapExactOutput(tokenIn_, tokenOut_, amountOut_, receiver_, _amountInMax, _exchange, _path);\n    }\n\n    /// @inheritdoc ISwapper\n    function swapExactOutputWithDefaultRouting(\n        address tokenIn_,\n        address tokenOut_,\n        uint256 amountOut_,\n        uint256 amountInMax_,\n        address receiver_\n    ) external returns (uint256 _amountIn) {\n        bytes memory _defaultRouting = defaultRoutings[\n            abi.encodePacked(DataTypes.SwapType.EXACT_OUTPUT, tokenIn_, tokenOut_)\n        ];\n        require(_defaultRouting.length > 0, \"no-default-routing-found\");\n        (DataTypes.ExchangeType _exchangeType, bytes memory _path) = abi.decode(\n            _defaultRouting,\n            (DataTypes.ExchangeType, bytes)\n        );\n        return\n            _swapExactOutput(\n                tokenIn_,\n                tokenOut_,\n                amountOut_,\n                receiver_,\n                amountInMax_,\n                IExchange(addressOf[_exchangeType]),\n                _path\n            );\n    }\n\n    /**\n     * @notice Add or update exchange\n     * @dev Use null `exchange_` for removal\n     */\n    function setExchange(DataTypes.ExchangeType type_, address exchange_) external onlyGovernor {\n        address _currentExchange = addressOf[type_];\n\n        if (_currentExchange == address(0)) {\n            // Adding\n            require(allExchanges.add(exchange_), \"exchange-exists\");\n            require(mainExchanges.add(exchange_), \"main-exchange-exists\");\n            addressOf[type_] = exchange_;\n        } else if (exchange_ == address(0)) {\n            // Removing\n            require(allExchanges.remove(_currentExchange), \"exchange-does-not-exist\");\n            if (mainExchanges.contains(_currentExchange)) {\n                mainExchanges.remove(_currentExchange);\n            }\n            delete addressOf[type_];\n        } else {\n            // Updating\n            if (mainExchanges.contains(_currentExchange)) {\n                mainExchanges.remove(_currentExchange);\n            }\n            require(allExchanges.remove(_currentExchange), \"exchange-does-not-exist\");\n            require(allExchanges.add(exchange_), \"exchange-exists\");\n            require(mainExchanges.add(exchange_), \"main-exchange-exists\");\n            addressOf[type_] = exchange_;\n        }\n        emit ExchangeUpdated(type_, _currentExchange, exchange_);\n    }\n\n    /**\n     * @notice Toggle exchange as main\n     */\n    function toggleExchangeAsMain(DataTypes.ExchangeType type_) public onlyGovernor {\n        address _address = addressOf[type_];\n        require(_address != address(0), \"exchange-does-not-exist\");\n        if (mainExchanges.contains(_address)) {\n            mainExchanges.remove(_address);\n            emit ExchangeAsMainUpdated(type_, false);\n        } else {\n            mainExchanges.add(_address);\n            emit ExchangeAsMainUpdated(type_, true);\n        }\n    }\n\n    /**\n     * @notice Update max slippage\n     */\n    function updateMaxSlippage(uint256 maxSlippage_) external onlyGovernor {\n        require(maxSlippage_ <= 1e18, \"max-slippage-gt-100%\");\n        emit MaxSlippageUpdated(maxSlippage, maxSlippage_);\n        maxSlippage = maxSlippage_;\n    }\n\n    /**\n     * @notice Update oracle contract\n     */\n    function updateOracle(IOracle oracle_) external onlyGovernor {\n        require(address(oracle_) != address(0), \"address-is-null\");\n        emit OracleUpdated(oracle, oracle_);\n        oracle = oracle_;\n    }\n\n    /**\n     * @notice Set default routing\n     * @dev Use empty `path_` for removal\n     * @param swapType_ If the routing is related to `EXACT_INPUT` or `EXACT_OUTPUT`\n     * @param tokenIn_ The swap in token\n     * @param tokenOut_ The swap out token\n     * @param exchange_ The type (i.e. protocol) of the exchange\n     * @param path_ The swap path\n     * @dev Use `abi.encodePacked(tokenA, poolFee1, tokenB, poolFee2, tokenC, ...)` for UniswapV3 exchange\n     * @dev Use `abi.encode([tokenA, tokenB, tokenC, ...])` for UniswapV2-like exchanges\n     */\n    function setDefaultRouting(\n        DataTypes.SwapType swapType_,\n        address tokenIn_,\n        address tokenOut_,\n        DataTypes.ExchangeType exchange_,\n        bytes calldata path_\n    ) external onlyGovernor {\n        bytes memory _key = abi.encodePacked(swapType_, tokenIn_, tokenOut_);\n        bytes memory _currentRouting = defaultRoutings[_key];\n        bytes memory _newRouting = abi.encode(exchange_, path_);\n        if (path_.length == 0) {\n            delete defaultRoutings[_key];\n        } else {\n            defaultRoutings[_key] = _newRouting;\n        }\n        emit DefaultRoutingUpdated(_key, _currentRouting, _newRouting);\n    }\n\n    /**\n     * @notice Perform an exact input swap\n     * @dev This code is reused by public/external functions\n     */\n    function _swapExactInput(\n        address tokenIn_,\n        address tokenOut_,\n        uint256 amountIn_,\n        address receiver_,\n        uint256 _amountOutMin,\n        IExchange _exchange,\n        bytes memory _path\n    ) private returns (uint256 _amountOut) {\n        IERC20(tokenIn_).safeTransferFrom(msg.sender, address(_exchange), amountIn_);\n        _amountOut = _exchange.swapExactInput(_path, amountIn_, _amountOutMin, receiver_);\n        emit SwapExactInput(_exchange, _path, tokenIn_, tokenOut_, amountIn_, _amountOut);\n    }\n\n    /**\n     * @notice Perform an exact output swap\n     * @dev This code is reused by public/external functions\n     */\n    function _swapExactOutput(\n        address tokenIn_,\n        address tokenOut_,\n        uint256 amountOut_,\n        address receiver_,\n        uint256 _amountInMax,\n        IExchange _exchange,\n        bytes memory _path\n    ) private returns (uint256 _amountIn) {\n        IERC20(tokenIn_).safeTransferFrom(msg.sender, address(_exchange), _amountInMax);\n        _amountIn = _exchange.swapExactOutput(_path, amountOut_, _amountInMax, msg.sender, receiver_);\n        emit SwapExactOutput(_exchange, _path, tokenIn_, tokenOut_, _amountInMax, _amountIn, amountOut_);\n    }\n}\n"
    }
  }
}